league,season,team,player,nationality,position,age,birth_year,games_gk,games_starts_gk,minutes_gk,goals_against_gk,goals_against_per90_gk,shots_on_target_against,saves,save_pct,wins_gk,draws_gk,losses_gk,clean_sheets,clean_sheets_pct,pens_att_gk,pens_allowed,pens_saved,pens_missed_gk
ITA-Serie A,2122,Atalanta,Francesco Rossi,ITA,GK,30,1991,1,0,37,1,2.43,2,1,50.0,0,0,0,0,,0,0,0,0
ITA-Serie A,2122,Atalanta,Juan Musso,ARG,GK,27,1994,33,33,2932,42,1.29,119,80,67.2,16,8,9,8,24.2,4,3,0,1
ITA-Serie A,2122,Atalanta,Marco Sportiello,ITA,GK,29,1992,5,5,450,5,1.0,18,13,83.3,0,3,2,2,40.0,2,2,0,0
ITA-Serie A,2122,Bologna,Francesco Bardi,ITA,GK,29,1992,2,2,177,2,1.02,9,7,77.8,1,1,0,0,0.0,0,0,0,0
ITA-Serie A,2122,Bologna,Nicola Bagnolini,ITA,GK,17,2004,1,0,3,0,0.0,1,1,100.0,0,0,0,1,,0,0,0,0
ITA-Serie A,2122,Bologna,Łukasz Skorupski,POL,GK,30,1991,36,36,3240,53,1.47,174,122,74.1,11,9,16,12,33.3,9,8,1,0
ITA-Serie A,2122,Cagliari,Alessio Cragno,ITA,GK,27,1994,35,35,3150,63,1.8,168,104,66.1,6,10,19,2,5.7,8,6,2,0
ITA-Serie A,2122,Cagliari,Boris Radunović,SRB,GK,25,1996,3,3,270,5,1.67,17,11,76.5,0,2,1,1,33.3,2,1,1,0
ITA-Serie A,2122,Empoli,Guglielmo Vicario,ITA,GK,24,1996,38,38,3420,70,1.84,216,150,69.9,10,11,17,7,18.4,10,5,2,3
ITA-Serie A,2122,Fiorentina,Bartłomiej Drągowski,POL,GK,23,1997,7,7,556,8,1.29,26,17,73.1,3,0,4,2,28.6,2,1,1,0
ITA-Serie A,2122,Fiorentina,Pietro Terracciano,ITA,GK,31,1990,32,31,2862,43,1.35,100,58,59.0,16,5,10,9,29.0,3,2,1,0
ITA-Serie A,2122,Genoa,Adrian Šemper,CRO,GK,23,1998,1,1,90,1,1.0,4,3,75.0,0,0,1,0,0.0,0,0,0,0
ITA-Serie A,2122,Genoa,Salvatore Sirigu,ITA,GK,34,1987,37,37,3330,59,1.59,180,122,69.4,4,16,17,10,27.0,5,4,1,0
ITA-Serie A,2122,Hellas Verona,Alessandro Berardi,ITA,GK,30,1991,1,1,90,3,3.0,7,4,57.1,0,1,0,0,0.0,0,0,0,0
ITA-Serie A,2122,Hellas Verona,Ivor Pandur,CRO,GK,21,2000,3,3,270,6,2.0,15,9,66.7,1,0,2,0,0.0,1,1,0,0
ITA-Serie A,2122,Hellas Verona,Lorenzo Montipò,ITA,GK,25,1996,34,34,3060,50,1.47,137,88,65.0,13,10,11,4,11.8,3,2,1,0
ITA-Serie A,2122,Inter,Ionuț Radu,ROU,GK,24,1997,1,1,90,2,2.0,3,1,33.3,0,0,1,0,0.0,0,0,0,0
ITA-Serie A,2122,Inter,Samir Handanović,SVN,GK,37,1984,37,37,3330,30,0.81,124,95,79.0,25,9,3,15,40.5,4,4,0,0
ITA-Serie A,2122,Juventus,Carlo Pinsoglio,ITA,GK,31,1990,1,0,45,1,2.0,2,1,100.0,0,0,0,0,,1,1,0,0
ITA-Serie A,2122,Juventus,Mattia Perin,ITA,GK,28,1992,5,5,405,7,1.56,16,10,56.3,2,1,2,1,20.0,0,0,0,0
ITA-Serie A,2122,Juventus,Wojciech Szczęsny,POL,GK,31,1990,33,33,2970,29,0.88,105,73,75.2,18,9,6,12,36.4,6,3,3,0
ITA-Serie A,2122,Lazio,Pepe Reina,ESP,GK,38,1982,15,15,1350,29,1.93,60,31,58.3,6,4,5,2,13.3,5,4,0,1
ITA-Serie A,2122,Lazio,Thomas Strakosha,ALB,GK,26,1995,23,23,2070,29,1.26,86,58,67.4,12,6,5,7,30.4,1,1,0,0
ITA-Serie A,2122,Milan,Ciprian Tătărușanu,ROU,GK,35,1986,6,6,540,10,1.67,24,14,66.7,4,1,1,1,16.7,3,2,1,0
ITA-Serie A,2122,Milan,Mike Maignan,FRA,GK,26,1995,32,32,2880,21,0.66,101,81,81.2,22,7,3,17,53.1,2,2,0,0
ITA-Serie A,2122,Napoli,Alex Meret,ITA,GK,24,1997,7,7,619,6,0.87,29,23,79.3,5,1,1,2,28.6,0,0,0,0
ITA-Serie A,2122,Napoli,David Ospina,COL,GK,32,1988,31,31,2790,25,0.81,106,82,77.4,19,6,6,13,41.9,1,1,0,0
ITA-Serie A,2122,Napoli,Davide Marfella,ITA,GK,21,1999,1,0,11,0,0.0,1,1,100.0,0,0,0,1,,0,0,0,0
ITA-Serie A,2122,Roma,Rui Patrício,POR,GK,33,1988,38,38,3420,43,1.13,146,104,74.0,18,9,11,15,39.5,6,5,1,0
ITA-Serie A,2122,Salernitana,Luigi Sepe,ITA,GK,30,1991,16,16,1392,24,1.55,78,54,73.1,4,8,4,1,6.3,3,3,0,0
ITA-Serie A,2122,Salernitana,Vid Belec,SVN,GK,31,1990,23,21,1938,49,2.28,135,87,65.9,3,2,16,1,4.8,5,3,1,1
ITA-Serie A,2122,Salernitana,Vincenzo Fiorillo,ITA,GK,31,1990,1,1,90,5,5.0,8,3,37.5,0,0,1,0,0.0,0,0,0,0
ITA-Serie A,2122,Sampdoria,Emil Audero,IDN,GK,24,1997,29,29,2560,48,1.69,130,82,63.8,8,5,16,5,17.2,2,1,1,0
ITA-Serie A,2122,Sampdoria,Nicola Ravaglia,ITA,GK,32,1988,1,0,5,1,18.0,1,0,100.0,0,0,0,0,,1,1,0,0
ITA-Serie A,2122,Sampdoria,Wladimiro Falcone,ITA,GK,26,1995,10,9,855,14,1.47,54,41,75.9,2,1,6,2,22.2,1,1,0,0
ITA-Serie A,2122,Sassuolo,Andrea Consigli,ITA,GK,34,1987,37,37,3322,63,1.71,171,108,67.8,13,11,13,3,8.1,9,8,1,0
ITA-Serie A,2122,Sassuolo,Giacomo Satalino,ITA,GK,22,1999,1,0,8,0,0.0,1,1,100.0,0,0,0,0,,0,0,0,0
ITA-Serie A,2122,Sassuolo,Gianluca Pegolo,ITA,GK,40,1981,1,1,90,3,3.0,5,2,40.0,0,0,1,0,0.0,0,0,0,0
ITA-Serie A,2122,Spezia,Ivan Provedel,ITA,GK,27,1994,31,31,2761,52,1.7,165,116,73.9,9,5,17,7,22.6,11,9,0,2
ITA-Serie A,2122,Spezia,Jeroen Zoet,NED,GK,30,1991,7,7,630,19,2.71,43,23,58.1,1,1,5,0,0.0,2,1,1,0
ITA-Serie A,2122,Spezia,Petar Zovko,BIH,GK,19,2002,1,0,29,0,0.0,0,0,,0,0,0,0,,0,0,0,0
ITA-Serie A,2122,Torino,Etrit Berisha,ALB,GK,32,1989,10,10,900,8,0.8,41,32,85.4,3,4,3,4,40.0,3,2,1,0
ITA-Serie A,2122,Torino,Luca Gemello,ITA,GK,21,2000,1,1,90,0,0.0,3,3,100.0,1,0,0,1,100.0,0,0,0,0
ITA-Serie A,2122,Torino,Vanja Milinković-Savić,SRB,GK,24,1997,27,27,2430,33,1.22,80,46,67.5,9,7,11,4,14.8,8,7,1,0
ITA-Serie A,2122,Udinese,Daniele Padelli,ITA,GK,35,1985,3,3,270,8,2.67,21,13,61.9,1,0,2,1,33.3,0,0,0,0
ITA-Serie A,2122,Udinese,Marco Silvestri,ITA,GK,30,1991,35,35,3150,50,1.43,141,92,68.1,10,14,11,7,20.0,7,5,0,2
ITA-Serie A,2122,Venezia,Luca Lezzerini,ITA,GK,26,1995,6,6,495,9,1.64,39,30,76.9,2,1,3,0,0.0,0,0,0,0
ITA-Serie A,2122,Venezia,Niki Mäenpää,FIN,GK,36,1985,17,16,1485,27,1.64,84,57,73.8,1,4,11,1,6.3,6,5,0,1
ITA-Serie A,2122,Venezia,Sergio Romero,ARG,GK,34,1987,16,16,1440,33,2.06,105,74,74.3,3,4,9,3,18.8,6,6,0,0
ITA-Serie A,2223,Atalanta,Francesco Rossi,ITA,GK,31,1991,1,0,4,0,0.0,0,0,,0,0,0,0,,0,0,0,0
ITA-Serie A,2223,Atalanta,Juan Musso,ARG,GK,28,1994,24,24,2077,27,1.17,89,64,71.9,13,4,7,7,29.2,2,2,0,0
ITA-Serie A,2223,Atalanta,Marco Sportiello,ITA,GK,30,1992,15,14,1339,21,1.41,64,43,68.8,6,3,5,2,14.3,1,1,0,0
ITA-Serie A,2223,Bologna,Francesco Bardi,ITA,GK,30,1992,1,1,90,0,0.0,4,4,100.0,1,0,0,1,100.0,0,0,0,0
ITA-Serie A,2223,Bologna,Łukasz Skorupski,POL,GK,31,1991,37,37,3330,49,1.32,161,113,73.9,13,12,12,7,18.9,9,7,2,0
ITA-Serie A,2223,Cremonese,Ionuț Radu,ROU,GK,25,1997,9,9,810,19,2.11,64,45,75.0,0,3,6,1,11.1,3,3,0,0
ITA-Serie A,2223,Cremonese,Marco Carnesecchi,ITA,GK,22,2000,27,27,2430,47,1.74,153,107,70.6,4,9,14,4,14.8,2,2,0,0
ITA-Serie A,2223,Cremonese,Mouhamadou Sarr,SEN,GK,25,1997,2,2,180,3,1.5,8,5,62.5,1,0,1,1,50.0,0,0,0,0
ITA-Serie A,2223,Empoli,Guglielmo Vicario,ITA,GK,25,1996,31,31,2783,39,1.26,134,95,73.9,9,12,10,7,22.6,6,4,1,1
ITA-Serie A,2223,Empoli,Samir Ujkani,KVX,GK,34,1988,1,0,7,1,12.86,1,0,0.0,0,0,0,0,,0,0,0,0
ITA-Serie A,2223,Empoli,Samuele Perisan,ITA,GK,24,1997,7,7,630,9,1.29,24,15,62.5,1,1,5,2,28.6,0,0,0,0
ITA-Serie A,2223,Fiorentina,Michele Cerofolini,ITA,GK,23,1999,5,5,450,3,0.6,11,8,81.8,4,1,0,2,40.0,1,1,0,0
ITA-Serie A,2223,Fiorentina,Pierluigi Gollini,ITA,GK,27,1995,3,3,270,2,0.67,8,6,75.0,1,2,0,2,66.7,0,0,0,0
ITA-Serie A,2223,Fiorentina,Pietro Terracciano,ITA,GK,32,1990,29,29,2610,38,1.31,96,59,66.7,9,8,12,5,17.2,7,6,1,0
ITA-Serie A,2223,Fiorentina,Salvatore Sirigu,ITA,GK,35,1987,1,1,90,0,0.0,5,5,100.0,1,0,0,1,100.0,0,0,0,0
ITA-Serie A,2223,Hellas Verona,Lorenzo Montipò,ITA,GK,26,1996,37,37,3330,59,1.59,181,124,68.0,7,9,21,5,13.5,2,1,1,0
ITA-Serie A,2223,Hellas Verona,Simone Perilli,ITA,GK,27,1995,1,1,90,0,0.0,4,4,100.0,0,1,0,1,100.0,0,0,0,0
ITA-Serie A,2223,Inter,Alex Cordaz,ITA,GK,39,1983,1,0,26,0,0.0,2,2,100.0,0,0,0,1,,0,0,0,0
ITA-Serie A,2223,Inter,André Onana,CMR,GK,26,1996,24,24,2160,24,1.0,83,61,73.5,14,3,7,8,33.3,2,2,0,0
ITA-Serie A,2223,Inter,Samir Handanović,SVN,GK,38,1984,14,14,1234,18,1.31,52,35,67.3,9,0,5,4,28.6,1,1,0,0
ITA-Serie A,2223,Juventus,Mattia Perin,ITA,GK,29,1992,11,10,948,7,0.66,40,32,85.0,5,3,2,6,60.0,2,1,1,0
ITA-Serie A,2223,Juventus,Wojciech Szczęsny,POL,GK,32,1990,28,28,2472,26,0.95,93,67,75.3,17,3,8,14,50.0,3,3,0,0
ITA-Serie A,2223,Lazio,Ivan Provedel,ITA,GK,28,1994,38,37,3413,30,0.79,128,99,77.3,21,8,8,21,56.8,2,1,0,1
ITA-Serie A,2223,Lazio,Luís Maximiano,POR,GK,23,1999,1,1,5,,,,,,1,,,,,,,,
ITA-Serie A,2223,Lecce,Wladimiro Falcone,ITA,GK,27,1995,38,38,3420,46,1.21,156,112,73.7,8,12,18,6,15.8,6,5,1,0
ITA-Serie A,2223,Milan,Antonio Mirante,ITA,GK,39,1983,1,0,2,0,0.0,0,0,,0,0,0,0,,0,0,0,0
ITA-Serie A,2223,Milan,Ciprian Tătărușanu,ROU,GK,36,1986,16,16,1440,22,1.37,61,40,67.2,9,3,4,4,25.0,2,2,0,0
ITA-Serie A,2223,Milan,Mike Maignan,FRA,GK,27,1995,22,22,1978,21,0.96,62,40,69.4,11,7,4,8,36.4,3,2,1,0
ITA-Serie A,2223,Monza,Alessio Cragno,ITA,GK,28,1994,1,1,90,3,3.0,5,2,40.0,0,0,1,0,0.0,0,0,0,0
ITA-Serie A,2223,Monza,Michele Di Gregorio,ITA,GK,25,1997,37,37,3330,49,1.32,167,119,72.5,14,10,13,10,27.0,3,3,0,0
ITA-Serie A,2223,Napoli,Alex Meret,ITA,GK,25,1997,34,34,3060,24,0.71,91,66,74.7,26,5,3,16,47.1,2,1,1,0
ITA-Serie A,2223,Napoli,Pierluigi Gollini,ITA,GK,27,1995,4,4,360,4,1.0,16,12,75.0,2,1,1,2,50.0,0,0,0,0
ITA-Serie A,2223,Roma,Mile Svilar,SRB,GK,22,1999,3,3,270,3,1.0,10,7,70.0,1,1,1,1,33.3,0,0,0,0
ITA-Serie A,2223,Roma,Rui Patrício,POR,GK,34,1988,35,35,3150,35,1.0,108,73,69.4,17,8,10,13,37.1,3,2,1,0
ITA-Serie A,2223,Salernitana,Guillermo Ochoa,MEX,GK,37,1985,20,20,1800,33,1.65,105,71,71.4,4,10,6,4,20.0,4,3,1,0
ITA-Serie A,2223,Salernitana,Luigi Sepe,ITA,GK,31,1991,17,17,1530,27,1.59,87,57,73.6,4,5,8,3,17.6,7,4,3,0
ITA-Serie A,2223,Salernitana,Vincenzo Fiorillo,ITA,GK,32,1990,1,1,90,2,2.0,4,2,50.0,1,0,0,0,0.0,0,0,0,0
ITA-Serie A,2223,Sampdoria,Emil Audero,IDN,GK,25,1997,25,25,2250,39,1.56,121,82,71.9,2,6,17,4,16.0,7,5,2,0
ITA-Serie A,2223,Sampdoria,Martin Turk,SVN,GK,18,2003,4,4,360,9,2.25,30,21,73.3,1,1,2,0,0.0,2,1,0,1
ITA-Serie A,2223,Sampdoria,Nicola Ravaglia,ITA,GK,33,1988,9,9,810,23,2.56,64,41,67.2,0,3,6,0,0.0,2,2,0,0
ITA-Serie A,2223,Sassuolo,Alessandro Russo,ITA,GK,21,2001,1,1,90,3,3.0,7,4,57.1,0,0,1,0,0.0,0,0,0,0
ITA-Serie A,2223,Sassuolo,Andrea Consigli,ITA,GK,35,1987,35,35,3150,55,1.57,117,64,55.6,12,8,15,9,25.7,3,3,0,0
ITA-Serie A,2223,Sassuolo,Gianluca Pegolo,ITA,GK,41,1981,2,2,180,3,1.5,6,3,66.7,0,1,1,0,0.0,1,1,0,0
ITA-Serie A,2223,Spezia,Bartłomiej Drągowski,POL,GK,24,1997,34,34,2946,54,1.65,164,112,69.5,6,10,18,6,17.6,6,4,1,1
ITA-Serie A,2223,Spezia,Federico Marchetti,ITA,GK,39,1983,1,0,66,2,2.73,3,1,33.3,0,0,0,0,,0,0,0,0
ITA-Serie A,2223,Spezia,Jeroen Zoet,NED,GK,31,1991,5,4,334,4,1.08,13,9,76.9,0,3,1,0,0.0,1,1,0,0
ITA-Serie A,2223,Spezia,Petar Zovko,BIH,GK,20,2002,1,0,74,2,2.43,3,1,33.3,0,0,0,0,,0,0,0,0
ITA-Serie A,2223,Torino,Vanja Milinković-Savić,SRB,GK,25,1997,38,38,3420,41,1.08,136,95,73.5,14,11,13,11,28.9,6,5,0,1
ITA-Serie A,2223,Udinese,Marco Silvestri,ITA,GK,31,1991,38,38,3420,48,1.26,137,91,69.3,11,13,14,10,26.3,7,6,0,1
ITA-Serie A,2324,Atalanta,Francesco Rossi,ITA,GK,32,1991,1,0,5,0,0.0,1,1,100.0,0,0,0,1,,0,0,0,0
ITA-Serie A,2324,Atalanta,Juan Musso,ARG,GK,29,1994,11,11,990,12,1.09,34,23,70.6,6,1,4,6,54.5,2,2,0,0
ITA-Serie A,2324,Atalanta,Marco Carnesecchi,ITA,GK,23,2000,27,27,2425,30,1.11,107,75,75.7,15,5,7,8,29.6,7,4,2,1
ITA-Serie A,2324,Bologna,Federico Ravaglia,ITA,GK,23,1999,6,6,535,3,0.5,18,13,83.3,4,1,1,4,66.7,1,0,1,0
ITA-Serie A,2324,Bologna,Nicola Bagnolini,ITA,GK,19,2004,1,0,5,0,0.0,1,1,100.0,0,0,0,0,,0,0,0,0
ITA-Serie A,2324,Bologna,Łukasz Skorupski,POL,GK,32,1991,32,32,2880,29,0.91,106,77,75.5,14,13,5,13,40.6,6,3,1,2
ITA-Serie A,2324,Cagliari,Boris Radunović,SRB,GK,27,1996,7,7,630,12,1.71,27,16,55.6,0,2,5,2,28.6,1,0,0,1
ITA-Serie A,2324,Cagliari,Simone Aresti,ITA,GK,37,1986,1,0,1,1,90.0,1,0,100.0,0,0,0,0,,1,1,0,0
ITA-Serie A,2324,Cagliari,Simone Scuffet,ITA,GK,27,1996,31,31,2789,55,1.77,129,76,59.7,8,10,13,3,9.7,3,3,0,0
ITA-Serie A,2324,Empoli,Elia Caprile,ITA,GK,21,2001,23,23,2070,27,1.17,106,78,78.3,6,6,11,5,21.7,5,4,1,0
ITA-Serie A,2324,Empoli,Etrit Berisha,ALB,GK,34,1989,14,14,1260,25,1.79,74,49,68.9,3,3,8,4,28.6,3,2,1,0
ITA-Serie A,2324,Empoli,Samuele Perisan,ITA,GK,25,1997,1,1,90,2,2.0,5,3,60.0,0,0,1,0,0.0,0,0,0,0
ITA-Serie A,2324,Fiorentina,Oliver Christensen,DEN,GK,24,1999,4,4,360,9,2.25,19,10,63.2,1,1,2,0,0.0,2,2,0,0
ITA-Serie A,2324,Fiorentina,Pietro Terracciano,ITA,GK,33,1990,33,33,2970,35,1.06,126,90,77.0,15,8,10,8,24.2,7,6,1,0
ITA-Serie A,2324,Fiorentina,Tommaso Martinelli,ITA,GK,17,2006,1,1,90,2,2.0,3,1,33.3,1,0,0,0,0.0,0,0,0,0
ITA-Serie A,2324,Frosinone,Michele Cerofolini,ITA,GK,24,1999,8,7,675,11,1.47,28,18,60.7,2,2,3,3,42.9,1,0,0,1
ITA-Serie A,2324,Frosinone,Stefano Turati,ITA,GK,21,2001,31,31,2745,58,1.9,152,94,65.1,6,9,16,4,12.9,7,5,1,1
ITA-Serie A,2324,Genoa,Daniele Sommariva,ITA,GK,26,1997,1,0,5,0,0.0,0,0,,0,0,0,1,,0,0,0,0
ITA-Serie A,2324,Genoa,Josep Martinez,ESP,GK,25,1998,36,36,3239,43,1.19,130,87,69.2,11,13,12,8,22.2,4,3,1,0
ITA-Serie A,2324,Genoa,Nicola Leali,ITA,GK,30,1993,3,2,176,2,1.02,9,7,77.8,1,0,1,0,0.0,0,0,0,0
ITA-Serie A,2324,Hellas Verona,Lorenzo Montipò,ITA,GK,27,1996,37,37,3330,49,1.32,153,105,69.3,9,10,18,8,21.6,2,2,0,0
ITA-Serie A,2324,Hellas Verona,Simone Perilli,ITA,GK,28,1995,1,1,90,2,2.0,10,8,80.0,0,1,0,0,0.0,0,0,0,0
ITA-Serie A,2324,Inter,Emil Audero,IDN,GK,26,1997,4,4,337,3,0.8,11,8,72.7,2,1,1,2,50.0,0,0,0,0
ITA-Serie A,2324,Inter,Raffaele Di Gennaro,ITA,GK,29,1993,1,0,23,0,0.0,4,4,100.0,0,0,0,0,,0,0,0,0
ITA-Serie A,2324,Inter,Yann Sommer,SUI,GK,34,1988,34,34,3060,19,0.56,98,78,82.7,27,6,1,19,55.9,4,2,1,1
ITA-Serie A,2324,Juventus,Carlo Pinsoglio,ITA,GK,33,1990,1,0,45,0,0.0,3,3,100.0,0,0,0,1,,0,0,0,0
ITA-Serie A,2324,Juventus,Mattia Perin,ITA,GK,30,1992,3,3,225,1,0.4,5,4,80.0,2,1,0,1,33.3,0,0,0,0
ITA-Serie A,2324,Juventus,Wojciech Szczęsny,POL,GK,33,1990,35,35,3150,30,0.86,108,79,74.1,17,13,5,15,42.9,3,2,1,0
ITA-Serie A,2324,Lazio,Christos Mandas,GRE,GK,21,2001,9,8,721,6,0.75,29,23,79.3,6,1,1,4,50.0,0,0,0,0
ITA-Serie A,2324,Lazio,Ivan Provedel,ITA,GK,29,1994,30,30,2699,33,1.1,119,86,73.9,12,6,12,9,30.0,3,2,0,1
ITA-Serie A,2324,Lecce,Wladimiro Falcone,ITA,GK,28,1995,38,38,3420,54,1.42,173,119,71.7,8,14,16,7,18.4,6,5,1,0
ITA-Serie A,2324,Milan,Antonio Mirante,ITA,GK,40,1983,2,2,177,3,1.53,8,5,62.5,0,1,1,0,0.0,0,0,0,0
ITA-Serie A,2324,Milan,Lapo Nava,ITA,GK,19,2004,1,0,3,1,30.0,2,1,50.0,0,0,0,0,,0,0,0,0
ITA-Serie A,2324,Milan,Marco Sportiello,ITA,GK,31,1992,7,7,630,11,1.57,33,23,69.7,3,3,1,2,28.6,1,1,0,0
ITA-Serie A,2324,Milan,Mike Maignan,FRA,GK,28,1995,29,29,2609,34,1.17,120,86,77.5,19,5,5,10,34.5,7,7,0,0
ITA-Serie A,2324,Monza,Alessandro Sorrentino,ITA,GK,21,2002,7,5,548,16,2.63,32,16,62.5,0,1,4,0,0.0,4,4,0,0
ITA-Serie A,2324,Monza,Michele Di Gregorio,ITA,GK,26,1997,33,33,2872,35,1.1,159,122,79.9,11,11,11,12,36.4,5,3,2,0
ITA-Serie A,2324,Napoli,Alex Meret,ITA,GK,26,1997,31,31,2773,40,1.3,104,62,63.5,10,13,8,5,16.1,4,2,2,0
ITA-Serie A,2324,Napoli,Nikita Contini Baranovsky,ITA,GK,27,1996,1,0,17,0,0.0,0,0,,0,0,0,1,,0,0,0,0
ITA-Serie A,2324,Napoli,Pierluigi Gollini,ITA,GK,28,1995,7,7,630,8,1.14,24,16,66.7,3,1,3,1,14.3,0,0,0,0
ITA-Serie A,2324,Roma,Mile Svilar,SRB,GK,23,1999,15,15,1350,19,1.27,77,58,76.6,7,4,4,5,33.3,2,1,1,0
ITA-Serie A,2324,Roma,Rui Patrício,POR,GK,35,1988,23,23,2070,27,1.17,74,49,66.2,11,5,7,6,26.1,3,2,0,1
ITA-Serie A,2324,Salernitana,Benoît Costil,FRA,GK,36,1987,13,13,1170,29,2.23,66,38,60.6,2,3,8,1,7.7,3,3,0,0
ITA-Serie A,2324,Salernitana,Guillermo Ochoa,MEX,GK,38,1985,21,21,1890,44,2.1,115,72,67.8,0,6,15,1,4.8,7,7,0,0
ITA-Serie A,2324,Salernitana,Vincenzo Fiorillo,ITA,GK,33,1990,4,4,360,8,2.0,26,18,69.2,0,2,2,0,0.0,0,0,0,0
ITA-Serie A,2324,Sassuolo,Alessio Cragno,ITA,GK,29,1994,3,3,270,7,2.33,14,8,57.1,1,1,1,0,0.0,1,1,0,0
ITA-Serie A,2324,Sassuolo,Andrea Consigli,ITA,GK,36,1987,35,35,3150,68,1.94,159,93,61.6,6,8,21,3,8.6,10,7,1,2
ITA-Serie A,2324,Torino,Luca Gemello,ITA,GK,23,2000,2,2,180,5,2.5,9,4,55.6,0,0,2,0,0.0,1,1,0,0
ITA-Serie A,2324,Torino,Vanja Milinković-Savić,SRB,GK,26,1997,36,36,3240,31,0.86,134,103,81.3,13,14,9,18,50.0,6,6,0,0
ITA-Serie A,2324,Udinese,Maduka Okoye,NGA,GK,23,1999,21,21,1890,25,1.19,89,65,75.3,5,8,8,5,23.8,3,3,0,0
ITA-Serie A,2324,Udinese,Marco Silvestri,ITA,GK,32,1991,17,17,1530,28,1.65,68,40,67.6,1,11,5,4,23.5,6,6,0,0
ITA-Serie A,2425,Atalanta,Juan Musso,ARG,GK,30,1994,1,1,90,0,0.0,4,4,100.0,1,0,0,1,100.0,0,0,0,0
ITA-Serie A,2425,Atalanta,Marco Carnesecchi,ITA,GK,24,2000,34,34,3060,34,1.0,129,97,75.2,19,7,8,13,38.2,2,2,0,0
ITA-Serie A,2425,Atalanta,Rui Patrício,POR,GK,36,1988,3,3,270,3,1.0,14,11,78.6,2,1,0,1,33.3,0,0,0,0
ITA-Serie A,2425,Bologna,Federico Ravaglia,ITA,GK,24,1999,12,11,1056,14,1.19,24,10,45.8,5,2,4,4,36.4,1,1,0,0
ITA-Serie A,2425,Bologna,Łukasz Skorupski,POL,GK,33,1991,27,27,2364,33,1.26,82,50,61.0,11,12,4,8,29.6,2,1,1,0
ITA-Serie A,2425,Cagliari,Alen Sherri,ALB,GK,26,1997,7,7,621,11,1.59,31,20,64.5,1,2,4,1,14.3,0,0,0,0
ITA-Serie A,2425,Cagliari,Elia Caprile,ITA,GK,22,2001,18,18,1620,22,1.22,66,44,68.2,5,4,9,5,27.8,1,1,0,0
ITA-Serie A,2425,Cagliari,Giuseppe Ciocci,ITA,GK,22,2002,1,0,9,0,0.0,0,0,,0,0,0,0,,0,0,0,0
ITA-Serie A,2425,Cagliari,Simone Scuffet,ITA,GK,28,1996,13,13,1170,23,1.77,56,33,67.9,3,3,7,1,7.7,5,5,0,0
ITA-Serie A,2425,Como,Emil Audero,IDN,GK,27,1997,8,8,720,18,2.25,34,16,58.8,2,2,4,0,0.0,4,4,0,0
ITA-Serie A,2425,Como,Jean Butez,FRA,GK,29,1995,19,18,1666,20,1.08,68,48,73.5,8,4,6,5,27.8,2,2,0,0
ITA-Serie A,2425,Como,Pepe Reina,ESP,GK,41,1982,12,12,1034,14,1.22,41,27,68.3,3,4,5,2,16.7,1,1,0,0
ITA-Serie A,2425,Empoli,Devis Vásquez,COL,GK,26,1998,32,32,2880,45,1.41,125,79,64.8,6,12,14,6,18.8,3,1,1,1
ITA-Serie A,2425,Empoli,Jacopo Seghetti,ITA,GK,19,2005,1,1,90,3,3.0,6,3,50.0,0,0,1,0,0.0,0,0,0,0
ITA-Serie A,2425,Empoli,Marco Silvestri,ITA,GK,33,1991,5,5,450,11,2.2,27,17,59.3,0,1,4,0,0.0,0,0,0,0
ITA-Serie A,2425,Fiorentina,David de Gea,ESP,GK,33,1990,35,35,3150,38,1.09,135,96,72.6,19,5,11,11,31.4,3,1,2,0
ITA-Serie A,2425,Fiorentina,Pietro Terracciano,ITA,GK,34,1990,3,3,270,3,1.0,13,10,76.9,0,3,0,1,33.3,0,0,0,0
ITA-Serie A,2425,Genoa,Benjamin Siegrist,SUI,GK,32,1992,2,2,152,2,1.18,12,10,83.3,1,1,0,0,0.0,0,0,0,0
ITA-Serie A,2425,Genoa,Daniele Sommariva,ITA,GK,27,1997,1,0,28,1,3.21,3,2,66.7,0,0,0,0,,0,0,0,0
ITA-Serie A,2425,Genoa,Nicola Leali,ITA,GK,31,1993,29,29,2610,31,1.07,111,82,74.8,8,10,11,10,34.5,4,3,1,0
ITA-Serie A,2425,Genoa,Pierluigi Gollini,ITA,GK,29,1995,7,7,630,15,2.14,32,16,62.5,1,2,4,1,14.3,4,3,1,0
ITA-Serie A,2425,Hellas Verona,Lorenzo Montipò,ITA,GK,28,1996,36,36,3240,64,1.78,161,97,61.5,9,7,20,8,22.2,4,2,1,1
ITA-Serie A,2425,Hellas Verona,Simone Perilli,ITA,GK,29,1995,2,2,180,2,1.0,11,9,81.8,1,0,1,0,0.0,0,0,0,0
ITA-Serie A,2425,Inter,Josep Martinez,ESP,GK,26,1998,5,5,450,3,0.6,14,11,78.6,4,1,0,3,60.0,0,0,0,0
ITA-Serie A,2425,Inter,Yann Sommer,SUI,GK,35,1988,33,33,2970,32,0.97,116,84,75.0,20,8,5,13,39.4,4,3,1,0
ITA-Serie A,2425,Juventus,Mattia Perin,ITA,GK,31,1992,5,5,450,3,0.6,16,13,81.3,2,3,0,3,60.0,0,0,0,0
ITA-Serie A,2425,Juventus,Michele Di Gregorio,ITA,GK,27,1997,33,33,2970,32,0.97,103,71,73.8,16,13,4,14,42.4,5,5,0,0
ITA-Serie A,2425,Lazio,Christos Mandas,GRE,GK,22,2001,9,9,810,7,0.78,27,20,74.1,3,5,1,4,44.4,0,0,0,0
ITA-Serie A,2425,Lazio,Ivan Provedel,ITA,GK,30,1994,29,29,2610,42,1.45,92,52,58.7,15,6,8,5,17.2,4,4,0,0
ITA-Serie A,2425,Lecce,Wladimiro Falcone,ITA,GK,29,1995,38,38,3420,58,1.53,181,125,72.4,8,10,20,9,23.7,10,8,1,1
ITA-Serie A,2425,Milan,Marco Sportiello,ITA,GK,32,1992,2,1,126,2,1.43,6,4,66.7,1,0,0,1,100.0,0,0,0,0
ITA-Serie A,2425,Milan,Mike Maignan,FRA,GK,29,1995,37,37,3294,41,1.12,136,97,70.6,17,9,11,12,32.4,2,1,1,0
ITA-Serie A,2425,Monza,Andrea Mazza,ITA,GK,20,2004,1,0,8,0,0.0,0,0,,0,0,0,0,,0,0,0,0
ITA-Serie A,2425,Monza,Semuel Pizzignacco,ITA,GK,22,2001,9,8,736,17,2.08,38,22,55.3,1,2,5,1,12.5,0,0,0,0
ITA-Serie A,2425,Monza,Stefano Turati,ITA,GK,22,2001,30,30,2676,52,1.75,145,93,65.5,2,7,21,2,6.7,4,2,2,0
ITA-Serie A,2425,Napoli,Alex Meret,ITA,GK,27,1997,34,34,3005,25,0.75,84,59,71.4,21,9,4,16,47.1,4,1,2,1
ITA-Serie A,2425,Napoli,Elia Caprile,ITA,GK,22,2001,4,3,325,1,0.28,8,7,87.5,3,0,0,3,100.0,0,0,0,0
ITA-Serie A,2425,Napoli,Simone Scuffet,ITA,GK,28,1996,1,1,90,1,1.0,4,3,75.0,0,1,0,0,0.0,0,0,0,0
ITA-Serie A,2425,Parma,Leandro Chichizola,ARG,GK,34,1990,1,1,90,3,3.0,6,3,50.0,0,0,1,0,0.0,0,0,0,0
ITA-Serie A,2425,Parma,Zion Suzuki,JPN,GK,21,2002,36,36,3240,53,1.47,150,99,68.0,7,15,15,7,19.4,5,5,0,0
ITA-Serie A,2425,Roma,Mile Svilar,SRB,GK,24,1999,38,38,3420,35,0.92,151,117,79.5,20,9,9,16,42.1,4,4,0,0
ITA-Serie A,2425,Torino,Alberto Paleari,ITA,GK,31,1992,1,1,90,3,3.0,7,4,57.1,0,0,1,0,0.0,0,0,0,0
ITA-Serie A,2425,Torino,Vanja Milinković-Savić,SRB,GK,27,1997,37,37,3330,42,1.14,173,129,77.5,10,14,13,10,27.0,7,3,4,0
ITA-Serie A,2425,Udinese,Daniele Padelli,ITA,GK,38,1985,1,1,90,0,0.0,3,3,100.0,1,0,0,1,100.0,0,0,0,0
ITA-Serie A,2425,Udinese,Maduka Okoye,NGA,GK,24,1999,25,25,2250,40,1.6,110,73,67.3,6,4,15,4,16.0,5,4,0,1
ITA-Serie A,2425,Udinese,Razvan Sava,ROU,GK,22,2002,12,12,1080,16,1.33,51,37,74.5,5,4,3,4,33.3,3,3,0,0
ITA-Serie A,2425,Venezia,Filip Stankovic,SRB,GK,22,2002,16,16,1367,23,1.51,83,60,77.1,2,6,8,0,0.0,5,4,1,0
ITA-Serie A,2425,Venezia,Ionuț Radu,ROU,GK,27,1997,15,15,1350,18,1.2,65,47,76.9,2,7,6,4,26.7,3,3,0,0
ITA-Serie A,2425,Venezia,Jesse Joronen,FIN,GK,31,1993,8,7,703,15,1.92,40,27,70.0,1,1,5,2,28.6,3,3,0,0
ITA-Serie A,2526,Atalanta,Marco Carnesecchi,ITA,GK,25-080,2000,3,3,270,3,1.0,8,6,62.5,1,2,0,0,0.0,0,0,0,0
ITA-Serie A,2526,Bologna,Łukasz Skorupski,POL,GK,34-137,1991,3,3,270,2,0.67,9,7,77.8,1,0,2,1,33.3,0,0,0,0
ITA-Serie A,2526,Cagliari,Elia Caprile,ITA,GK,24-025,2001,3,3,270,2,0.67,12,10,83.3,1,1,1,1,33.3,0,0,0,0
ITA-Serie A,2526,Como,Jean Butez,FRA,GK,30-103,1995,3,3,270,2,0.67,7,5,71.4,1,1,1,1,33.3,0,0,0,0
ITA-Serie A,2526,Cremonese,Emil Audero,IDN,GK,28-244,1997,3,3,270,3,1.0,20,17,90.0,2,1,0,1,33.3,1,1,0,0
ITA-Serie A,2526,Fiorentina,David de Gea,ESP,GK,34-316,1990,3,3,270,4,1.33,17,13,82.4,0,2,1,1,33.3,1,1,0,0
ITA-Serie A,2526,Genoa,Nicola Leali,ITA,GK,32-214,1993,3,3,270,2,0.67,7,5,71.4,0,2,1,1,33.3,0,0,0,0
ITA-Serie A,2526,Hellas Verona,Lorenzo Montipò,ITA,GK,29-211,1996,3,3,270,5,1.67,12,7,58.3,0,2,1,1,33.3,0,0,0,0
ITA-Serie A,2526,Inter,Yann Sommer,SUI,GK,36-276,1988,3,3,270,6,2.0,13,7,61.5,1,0,2,1,33.3,1,1,0,0
ITA-Serie A,2526,Juventus,Michele Di Gregorio,ITA,GK,28-054,1997,3,3,270,3,1.0,6,3,50.0,3,0,0,2,66.7,0,0,0,0
ITA-Serie A,2526,Lazio,Ivan Provedel,ITA,GK,31-186,1994,3,3,270,3,1.0,13,10,76.9,1,0,2,1,33.3,0,0,0,0
ITA-Serie A,2526,Lecce,Wladimiro Falcone,ITA,GK,30-160,1995,3,3,270,6,2.0,16,10,62.5,0,1,2,1,33.3,0,0,0,0
ITA-Serie A,2526,Milan,Mike Maignan,FRA,GK,30-078,1995,3,3,235,2,0.77,5,3,60.0,2,0,1,1,33.3,0,0,0,0
ITA-Serie A,2526,Milan,Pietro Terracciano,ITA,GK,35-195,1990,1,0,35,0,0.0,0,0,,0,0,0,1,,0,0,0,0
ITA-Serie A,2526,Napoli,Alex Meret,ITA,GK,28-181,1997,2,2,180,0,0.0,3,3,100.0,2,0,0,2,100.0,0,0,0,0
ITA-Serie A,2526,Napoli,Vanja Milinković-Savić,SRB,GK,28-211,1997,1,1,90,1,1.0,3,2,66.7,1,0,0,0,0.0,0,0,0,0
ITA-Serie A,2526,Parma,Zion Suzuki,JPN,GK,23-029,2002,3,3,270,5,1.67,16,11,68.8,0,1,2,0,0.0,0,0,0,0
ITA-Serie A,2526,Pisa,Adrian Šemper,CRO,GK,27-250,1998,3,3,270,3,1.0,14,11,78.6,0,1,2,0,0.0,0,0,0,0
ITA-Serie A,2526,Roma,Mile Svilar,SRB,GK,26-023,1999,3,3,270,1,0.33,9,8,88.9,2,0,1,2,66.7,0,0,0,0
ITA-Serie A,2526,Sassuolo,Arijanet Muric,KVX,GK,26-316,1998,2,2,180,3,1.5,9,6,77.8,1,0,1,1,50.0,1,1,0,0
ITA-Serie A,2526,Sassuolo,Stefano Turati,ITA,GK,24-014,2001,1,1,90,2,2.0,4,2,50.0,0,0,1,0,0.0,0,0,0,0
ITA-Serie A,2526,Torino,Franco Israel,URU,GK,25-150,2000,3,3,270,5,1.67,17,12,70.6,1,1,1,2,66.7,0,0,0,0
ITA-Serie A,2526,Udinese,Razvan Sava,ROU,GK,23-090,2002,3,3,270,2,0.67,8,6,75.0,2,1,0,1,33.3,0,0,0,0
