league,season,team,player,nationality,position,age,birth_year,minutes_90s,goals_against_gk,pens_allowed,free_kick_goals_against_gk,corner_kick_goals_against_gk,own_goals_against_gk,psxg_gk,psnpxg_per_shot_on_target_against,psxg_net_gk,psxg_net_per90_gk,passes_completed_launched_gk,passes_launched_gk,passes_pct_launched_gk,passes_gk,passes_throws_gk,pct_passes_launched_gk,passes_length_avg_gk,goal_kicks,pct_goal_kicks_launched,goal_kick_length_avg,crosses_gk,crosses_stopped_gk,crosses_stopped_pct_gk,def_actions_outside_pen_area_gk,def_actions_outside_pen_area_per90_gk,avg_distance_def_actions_gk
ITA-Serie A,2122,Atalanta,Francesco Rossi,ITA,GK,30,1991,0.4,1,0,0,0,0,1.0,0.52,0.0,0.11,2,6,33.3,12,0,41.7,37.8,4,25.0,39.3,3,0,0.0,0,0.0,18.0
ITA-Serie A,2122,Atalanta,Juan Musso,ARG,GK,27,1994,32.6,42,3,0,2,3,37.5,0.3,-1.5,-0.05,147,348,42.2,744,170,27.4,31.3,208,69.2,49.7,308,28,9.1,39,1.2,16.5
ITA-Serie A,2122,Atalanta,Marco Sportiello,ITA,GK,29,1992,5.0,5,2,0,1,0,5.6,0.2,0.6,0.12,8,33,24.2,107,33,14.0,26.0,28,64.3,47.0,45,1,2.2,4,0.8,13.9
ITA-Serie A,2122,Bologna,Francesco Bardi,ITA,GK,29,1992,2.0,2,0,0,0,0,2.7,0.3,0.7,0.37,5,19,26.3,35,6,40.0,33.0,13,38.5,32.1,24,2,8.3,0,0.0,5.5
ITA-Serie A,2122,Bologna,Nicola Bagnolini,ITA,GK,17,2004,0.0,0,0,0,0,0,0.2,0.19,0.2,5.78,0,4,0.0,3,0,100.0,61.0,1,100.0,60.0,3,0,0.0,0,0.0,
ITA-Serie A,2122,Bologna,Łukasz Skorupski,POL,GK,30,1991,36.0,53,8,1,3,2,53.3,0.26,2.3,0.06,193,459,42.0,956,164,39.1,34.0,294,28.9,26.6,498,27,5.4,14,0.39,11.3
ITA-Serie A,2122,Cagliari,Alessio Cragno,ITA,GK,27,1994,35.0,63,6,4,10,1,52.4,0.28,-9.6,-0.27,321,703,45.7,890,112,52.9,39.4,316,73.4,48.2,484,22,4.5,33,0.94,15.0
ITA-Serie A,2122,Cagliari,Boris Radunović,SRB,GK,25,1996,3.0,5,1,1,0,0,6.4,0.26,1.4,0.46,22,62,35.5,72,10,54.2,41.5,28,82.1,51.1,42,1,2.4,1,0.33,13.8
ITA-Serie A,2122,Empoli,Guglielmo Vicario,ITA,GK,24,1996,38.0,70,5,1,5,6,65.2,0.28,1.2,0.03,133,386,34.5,1066,215,26.2,29.5,257,41.6,37.5,602,35,5.8,38,1.0,13.9
ITA-Serie A,2122,Fiorentina,Bartłomiej Drągowski,POL,GK,23,1997,6.2,8,1,0,1,0,8.1,0.24,0.1,0.02,43,97,44.3,304,23,26.3,30.8,39,43.6,40.2,61,2,3.3,20,3.24,22.3
ITA-Serie A,2122,Fiorentina,Pietro Terracciano,ITA,GK,31,1990,31.8,43,2,0,2,2,31.6,0.29,-9.4,-0.29,197,464,42.5,1356,141,29.8,32.2,170,35.3,33.7,291,22,7.6,51,1.6,16.7
ITA-Serie A,2122,Genoa,Adrian Šemper,CRO,GK,23,1998,1.0,1,0,0,0,0,0.9,0.28,-0.1,-0.06,6,21,28.6,30,3,50.0,38.5,7,85.7,52.0,14,2,14.3,0,0.0,11.2
ITA-Serie A,2122,Genoa,Salvatore Sirigu,ITA,GK,34,1987,37.0,59,4,3,7,2,50.6,0.26,-6.4,-0.17,257,605,42.5,916,100,46.3,36.6,263,68.8,45.9,476,14,2.9,20,0.54,12.9
ITA-Serie A,2122,Hellas Verona,Alessandro Berardi,ITA,GK,30,1991,1.0,3,0,0,0,0,2.3,0.38,-0.7,-0.66,4,19,21.1,23,4,52.2,39.7,7,100.0,58.7,12,0,0.0,0,0.0,
ITA-Serie A,2122,Hellas Verona,Ivor Pandur,CRO,GK,21,2000,3.0,6,1,1,1,0,5.7,0.33,-0.3,-0.1,15,26,57.7,53,9,34.0,33.1,15,53.3,37.1,22,1,4.5,1,0.33,11.3
ITA-Serie A,2122,Hellas Verona,Lorenzo Montipò,ITA,GK,25,1996,34.0,50,2,1,7,2,40.6,0.28,-7.4,-0.22,189,577,32.8,733,120,57.2,42.3,231,68.4,46.5,495,21,4.2,23,0.68,13.1
ITA-Serie A,2122,Inter,Ionuț Radu,ROU,GK,24,1997,1.0,2,0,0,0,0,1.6,0.53,-0.4,-0.41,4,8,50.0,19,2,36.8,33.3,4,25.0,29.8,4,0,0.0,1,1.0,16.0
ITA-Serie A,2122,Inter,Samir Handanović,SVN,GK,37,1984,37.0,30,4,0,3,1,33.2,0.24,4.2,0.11,139,301,46.2,1118,176,24.3,28.1,142,20.4,26.5,393,15,3.8,10,0.27,11.2
ITA-Serie A,2122,Juventus,Carlo Pinsoglio,ITA,GK,31,1990,0.5,1,1,0,0,0,1.1,0.08,0.1,0.29,1,1,100.0,10,0,10.0,29.6,1,0.0,37.0,12,0,0.0,0,0.0,
ITA-Serie A,2122,Juventus,Mattia Perin,ITA,GK,28,1992,4.5,7,0,0,1,1,5.4,0.35,-0.6,-0.14,13,34,38.2,108,17,25.9,29.6,26,23.1,29.2,77,1,1.3,4,0.89,12.6
ITA-Serie A,2122,Juventus,Wojciech Szczęsny,POL,GK,31,1990,33.0,29,3,2,5,0,30.6,0.24,1.6,0.05,124,273,45.4,836,159,26.6,30.8,172,29.7,31.5,481,24,5.0,25,0.76,13.5
ITA-Serie A,2122,Lazio,Pepe Reina,ESP,GK,38,1982,15.0,29,4,0,2,0,23.7,0.33,-5.3,-0.36,66,133,49.6,429,73,24.2,29.8,99,29.3,30.1,186,10,5.4,10,0.67,13.7
ITA-Serie A,2122,Lazio,Thomas Strakosha,ALB,GK,26,1995,23.0,29,1,1,3,1,28.6,0.32,0.6,0.03,79,161,49.1,618,92,22.2,28.5,119,20.2,23.6,283,11,3.9,16,0.7,14.5
ITA-Serie A,2122,Milan,Ciprian Tătărușanu,ROU,GK,35,1986,6.0,10,2,0,1,1,8.9,0.25,-0.1,-0.02,33,74,44.6,168,14,36.3,33.3,36,36.1,35.0,82,6,7.3,3,0.5,12.5
ITA-Serie A,2122,Milan,Mike Maignan,FRA,GK,26,1995,32.0,21,2,0,4,1,24.3,0.22,4.3,0.13,157,374,42.0,1004,164,31.5,33.0,149,38.9,36.5,347,25,7.2,45,1.41,16.8
ITA-Serie A,2122,Napoli,Alex Meret,ITA,GK,24,1997,6.9,6,0,0,0,0,6.4,0.22,0.4,0.06,13,29,44.8,160,45,12.5,25.1,36,25.0,26.5,89,3,3.4,5,0.73,14.6
ITA-Serie A,2122,Napoli,David Ospina,COL,GK,32,1988,31.0,25,1,0,3,1,27.6,0.26,3.6,0.12,73,193,37.8,842,124,20.7,28.6,135,14.1,22.5,353,18,5.1,31,1.0,17.0
ITA-Serie A,2122,Napoli,Davide Marfella,ITA,GK,21,1999,0.1,0,0,0,0,0,0.1,0.05,0.1,0.44,0,0,,1,1,0.0,15.0,0,,,1,0,0.0,0,0.0,
ITA-Serie A,2122,Roma,Rui Patrício,POR,GK,33,1988,38.0,43,5,2,5,2,42.2,0.25,1.2,0.03,174,393,44.3,854,141,37.7,34.2,222,32.0,31.5,393,12,3.1,26,0.68,14.3
ITA-Serie A,2122,Salernitana,Luigi Sepe,ITA,GK,30,1991,15.5,24,3,0,1,0,24.6,0.28,0.6,0.04,166,320,51.9,433,45,54.7,40.8,130,63.8,46.4,235,10,4.3,13,0.84,16.0
ITA-Serie A,2122,Salernitana,Vid Belec,SVN,GK,31,1990,21.5,49,3,0,4,2,40.8,0.28,-6.2,-0.29,147,339,43.4,392,76,52.6,39.5,182,73.1,49.9,329,12,3.6,14,0.65,12.7
ITA-Serie A,2122,Salernitana,Vincenzo Fiorillo,ITA,GK,31,1990,1.0,5,0,0,1,0,2.7,0.34,-2.3,-2.32,11,17,64.7,19,4,36.8,36.4,12,83.3,50.8,16,0,0.0,0,0.0,4.0
ITA-Serie A,2122,Sampdoria,Emil Audero,IDN,GK,24,1997,28.4,48,1,1,4,1,43.1,0.32,-3.9,-0.14,203,472,43.0,786,120,41.7,36.3,212,67.9,47.6,418,22,5.3,25,0.88,13.5
ITA-Serie A,2122,Sampdoria,Nicola Ravaglia,ITA,GK,32,1988,0.1,1,1,0,0,0,1.0,0.0,0.0,-0.25,2,4,50.0,2,0,100.0,57.0,2,100.0,65.5,1,0,0.0,0,0.0,
ITA-Serie A,2122,Sampdoria,Wladimiro Falcone,ITA,GK,26,1995,9.5,14,1,0,0,1,11.8,0.2,-1.2,-0.13,63,150,42.0,284,42,34.5,33.2,74,70.3,45.0,164,7,4.3,2,0.21,10.2
ITA-Serie A,2122,Sassuolo,Andrea Consigli,ITA,GK,34,1987,36.9,63,8,0,10,1,56.0,0.28,-6.0,-0.16,186,431,43.2,1219,174,29.0,30.9,246,31.7,28.8,491,21,4.3,30,0.81,13.4
ITA-Serie A,2122,Sassuolo,Giacomo Satalino,ITA,GK,22,1999,0.1,0,0,0,0,0,0.8,0.76,0.8,7.56,0,0,,0,0,,,1,0.0,22.0,1,0,0.0,0,0.0,
ITA-Serie A,2122,Sassuolo,Gianluca Pegolo,ITA,GK,40,1981,1.0,3,0,0,1,0,1.8,0.37,-1.2,-1.17,2,5,40.0,26,4,15.4,26.7,8,12.5,19.8,8,1,12.5,0,0.0,6.0
ITA-Serie A,2122,Spezia,Ivan Provedel,ITA,GK,27,1994,30.7,52,9,3,4,3,47.6,0.24,-1.4,-0.04,206,616,33.4,957,133,47.8,40.1,229,69.4,51.7,476,28,5.9,25,0.81,11.8
ITA-Serie A,2122,Spezia,Jeroen Zoet,NED,GK,30,1991,7.0,19,1,0,3,0,13.1,0.26,-5.9,-0.84,20,69,29.0,182,41,26.9,30.7,54,37.0,37.4,95,2,2.1,6,0.86,16.4
ITA-Serie A,2122,Spezia,Petar Zovko,BIH,GK,19,2002,0.3,0,0,0,0,0,0.0,,0.0,0.0,1,4,25.0,8,3,37.5,35.9,2,50.0,35.0,4,0,0.0,2,6.21,28.5
ITA-Serie A,2122,Torino,Etrit Berisha,ALB,GK,32,1989,10.0,8,2,0,0,0,10.2,0.18,2.2,0.22,53,188,28.2,240,37,50.0,39.4,78,87.2,58.6,148,7,4.7,10,1.0,14.6
ITA-Serie A,2122,Torino,Luca Gemello,ITA,GK,21,2000,1.0,0,0,0,0,0,0.2,0.08,0.2,0.23,6,24,25.0,31,1,67.7,47.8,3,100.0,56.3,10,0,0.0,1,1.0,21.0
ITA-Serie A,2122,Torino,Vanja Milinković-Savić,SRB,GK,24,1997,27.0,33,7,2,4,0,26.7,0.24,-6.3,-0.23,192,659,29.1,849,97,59.5,44.4,169,91.1,66.3,290,18,6.2,22,0.81,14.3
ITA-Serie A,2122,Udinese,Daniele Padelli,ITA,GK,35,1985,3.0,8,0,0,0,0,7.0,0.33,-1.0,-0.34,12,42,28.6,89,19,34.8,29.6,22,50.0,40.9,56,1,1.8,2,0.67,13.2
ITA-Serie A,2122,Udinese,Marco Silvestri,ITA,GK,30,1991,35.0,50,5,0,4,1,45.5,0.29,-3.5,-0.1,167,430,38.8,677,106,46.1,36.7,252,46.8,38.4,462,16,3.5,10,0.29,11.0
ITA-Serie A,2122,Venezia,Luca Lezzerini,ITA,GK,26,1995,5.5,9,0,0,0,0,9.3,0.25,0.3,0.05,22,59,37.3,155,39,28.4,30.3,44,34.1,31.0,100,2,2.0,3,0.55,13.8
ITA-Serie A,2122,Venezia,Niki Mäenpää,FIN,GK,36,1985,16.5,27,5,0,4,0,28.2,0.28,1.2,0.07,70,221,31.7,379,74,43.5,36.0,143,39.2,35.4,275,6,2.2,10,0.61,10.8
ITA-Serie A,2122,Venezia,Sergio Romero,ARG,GK,34,1987,16.0,33,6,0,1,2,30.8,0.25,-0.2,-0.01,90,236,38.1,443,100,38.6,34.6,142,45.8,38.8,265,14,5.3,11,0.69,11.8
ITA-Serie A,2223,Atalanta,Francesco Rossi,ITA,GK,31,1991,0.0,0,0,0,0,0,0.0,,0.0,0.0,0,1,0.0,3,0,0.0,17.3,1,100.0,65.0,1,0,0.0,0,0.0,
ITA-Serie A,2223,Atalanta,Juan Musso,ARG,GK,28,1994,23.1,27,2,0,3,2,21.7,0.23,-3.3,-0.14,109,276,39.5,547,152,32.5,32.1,157,62.4,48.6,253,14,5.5,24,1.04,15.6
ITA-Serie A,2223,Atalanta,Marco Sportiello,ITA,GK,30,1992,14.9,21,1,1,2,0,19.6,0.29,-1.4,-0.1,52,148,35.1,346,85,20.5,28.8,116,66.4,49.7,200,18,9.0,18,1.21,15.0
ITA-Serie A,2223,Bologna,Francesco Bardi,ITA,GK,30,1992,1.0,0,0,0,0,0,0.6,0.16,0.6,0.56,5,9,55.6,13,5,38.5,35.6,9,44.4,33.4,10,0,0.0,0,0.0,
ITA-Serie A,2223,Bologna,Łukasz Skorupski,POL,GK,31,1991,37.0,49,7,1,6,3,47.8,0.25,1.8,0.05,146,371,39.4,933,206,29.8,31.7,278,33.5,33.0,492,29,5.9,24,0.65,12.9
ITA-Serie A,2223,Cremonese,Ionuț Radu,ROU,GK,25,1997,9.0,19,3,0,3,0,21.0,0.29,2.0,0.22,38,143,26.6,265,34,41.1,37.3,67,50.7,46.3,107,6,5.6,9,1.0,14.5
ITA-Serie A,2223,Cremonese,Marco Carnesecchi,ITA,GK,22,2000,27.0,47,2,3,7,1,44.2,0.28,-1.8,-0.07,157,523,30.0,745,135,52.2,41.4,203,66.0,53.1,402,29,7.2,29,1.07,14.1
ITA-Serie A,2223,Cremonese,Mouhamadou Sarr,SEN,GK,25,1997,2.0,3,0,0,1,0,2.9,0.36,-0.1,-0.05,19,38,50.0,71,12,40.8,35.7,12,75.0,53.6,18,0,0.0,1,0.5,8.6
ITA-Serie A,2223,Empoli,Guglielmo Vicario,ITA,GK,25,1996,30.9,39,4,0,8,1,40.9,0.27,2.9,0.09,138,455,30.3,1106,151,33.5,33.8,170,50.0,42.9,606,34,5.6,22,0.71,11.5
ITA-Serie A,2223,Empoli,Samir Ujkani,KVX,GK,34,1988,0.1,1,0,0,0,0,0.2,0.25,-0.8,-9.69,0,0,,2,1,0.0,18.5,1,0.0,27.0,1,0,0.0,0,0.0,
ITA-Serie A,2223,Empoli,Samuele Perisan,ITA,GK,24,1997,7.0,9,0,0,2,0,7.5,0.31,-1.5,-0.22,25,75,33.3,153,39,32.0,32.7,75,34.7,34.3,134,5,3.7,4,0.57,11.6
ITA-Serie A,2223,Fiorentina,Michele Cerofolini,ITA,GK,23,1999,5.0,3,1,0,0,0,3.4,0.22,0.4,0.09,24,70,34.3,167,27,34.7,33.3,28,42.9,38.1,29,1,3.4,3,0.6,13.8
ITA-Serie A,2223,Fiorentina,Pierluigi Gollini,ITA,GK,27,1995,3.0,2,0,0,1,0,1.7,0.21,-0.3,-0.1,13,38,34.2,115,17,27.0,32.4,11,63.6,49.3,24,1,4.2,0,0.0,9.3
ITA-Serie A,2223,Fiorentina,Pietro Terracciano,ITA,GK,32,1990,29.0,38,6,0,3,2,33.1,0.28,-2.9,-0.1,155,375,41.3,871,113,32.7,33.2,198,45.5,40.5,271,12,4.4,55,1.9,18.4
ITA-Serie A,2223,Fiorentina,Salvatore Sirigu,ITA,GK,35,1987,1.0,0,0,0,0,0,1.0,0.19,1.0,0.96,6,16,37.5,30,9,40.0,37.7,8,50.0,41.8,12,0,0.0,2,2.0,26.3
ITA-Serie A,2223,Hellas Verona,Lorenzo Montipò,ITA,GK,26,1996,37.0,59,1,1,4,3,49.6,0.27,-6.4,-0.17,360,775,46.5,905,124,62.9,44.3,284,72.5,52.1,496,26,5.2,55,1.49,15.3
ITA-Serie A,2223,Hellas Verona,Simone Perilli,ITA,GK,27,1995,1.0,0,0,0,0,0,0.8,0.19,0.8,0.75,6,30,20.0,21,0,81.0,57.3,13,100.0,69.8,19,1,5.3,1,1.0,12.0
ITA-Serie A,2223,Inter,Alex Cordaz,ITA,GK,39,1983,0.3,0,0,0,0,0,0.5,0.26,0.5,1.77,1,7,14.3,15,3,26.7,33.5,5,60.0,52.0,7,0,0.0,0,0.0,
ITA-Serie A,2223,Inter,André Onana,CMR,GK,26,1996,24.0,24,2,0,5,2,19.3,0.21,-2.7,-0.11,105,270,38.9,875,115,25.5,29.6,152,30.9,35.4,283,15,5.3,10,0.42,12.5
ITA-Serie A,2223,Inter,Samir Handanović,SVN,GK,38,1984,13.7,18,1,0,1,1,15.0,0.27,-2.0,-0.14,45,87,51.7,508,71,15.6,24.7,71,11.3,25.5,149,2,1.3,10,0.73,15.4
ITA-Serie A,2223,Juventus,Mattia Perin,ITA,GK,29,1992,10.5,7,1,0,1,0,11.2,0.23,4.2,0.39,32,107,29.9,287,54,28.6,30.8,63,39.7,35.9,154,4,2.6,11,1.04,15.7
ITA-Serie A,2223,Juventus,Wojciech Szczęsny,POL,GK,32,1990,27.5,26,3,0,5,0,26.0,0.25,0.0,0.0,128,270,47.4,634,128,32.2,33.5,153,43.1,38.3,389,11,2.8,21,0.76,14.7
ITA-Serie A,2223,Lazio,Ivan Provedel,ITA,GK,28,1994,37.9,30,1,0,5,1,31.4,0.25,2.4,0.06,158,373,42.4,1121,166,27.4,32.2,198,33.3,33.2,493,21,4.3,55,1.45,16.5
ITA-Serie A,2223,Lazio,Luís Maximiano,POR,GK,23,1999,0.1,,,,,,,,,,2,3,66.7,,1,,,,,,,,,,,19.0
ITA-Serie A,2223,Lecce,Wladimiro Falcone,ITA,GK,27,1995,38.0,46,5,2,6,3,43.5,0.24,0.5,0.01,194,721,26.9,876,143,56.8,42.1,282,79.1,53.5,534,23,4.3,42,1.11,14.1
ITA-Serie A,2223,Milan,Antonio Mirante,ITA,GK,39,1983,0.0,0,0,0,0,0,0.0,,0.0,0.0,0,0,,3,0,0.0,27.0,1,0.0,15.0,0,0,,0,0.0,
ITA-Serie A,2223,Milan,Ciprian Tătărușanu,ROU,GK,36,1986,16.0,22,2,2,4,1,16.8,0.25,-4.2,-0.26,94,195,48.2,473,75,32.1,32.9,83,51.8,41.8,195,9,4.6,13,0.81,14.4
ITA-Serie A,2223,Milan,Mike Maignan,FRA,GK,27,1995,22.0,21,2,1,2,0,20.3,0.28,-0.7,-0.03,76,193,39.4,725,119,22.8,29.8,85,32.9,35.1,221,15,6.8,32,1.46,17.8
ITA-Serie A,2223,Monza,Alessio Cragno,ITA,GK,28,1994,1.0,3,0,0,0,0,1.7,0.35,-1.3,-1.33,2,4,50.0,25,4,12.0,22.6,6,16.7,33.3,7,0,0.0,2,2.0,25.7
ITA-Serie A,2223,Monza,Michele Di Gregorio,ITA,GK,25,1997,37.0,49,3,1,4,1,48.7,0.28,0.7,0.02,166,476,34.9,1265,236,30.4,32.2,247,37.2,34.9,541,14,2.6,32,0.86,13.4
ITA-Serie A,2223,Napoli,Alex Meret,ITA,GK,25,1997,34.0,24,1,0,1,0,25.0,0.25,1.0,0.03,56,145,38.6,733,121,14.3,26.1,198,20.2,26.9,335,11,3.3,39,1.15,17.0
ITA-Serie A,2223,Napoli,Pierluigi Gollini,ITA,GK,27,1995,4.0,4,0,0,1,0,3.1,0.19,-0.9,-0.23,15,36,41.7,128,24,20.3,29.6,31,32.3,32.2,56,2,3.6,4,1.0,18.8
ITA-Serie A,2223,Roma,Mile Svilar,SRB,GK,22,1999,3.0,3,0,0,0,0,2.9,0.29,-0.1,-0.03,16,44,36.4,61,13,50.8,41.4,16,81.3,60.1,42,6,14.3,4,1.33,12.1
ITA-Serie A,2223,Roma,Rui Patrício,POR,GK,34,1988,35.0,35,2,1,4,1,27.6,0.23,-6.4,-0.18,135,328,41.2,644,121,37.6,33.6,240,35.8,34.8,402,16,4.0,25,0.71,13.8
ITA-Serie A,2223,Salernitana,Guillermo Ochoa,MEX,GK,37,1985,20.0,33,3,1,6,0,34.8,0.3,1.8,0.09,135,430,31.4,556,45,53.6,40.9,200,66.0,47.3,311,11,3.5,10,0.5,12.3
ITA-Serie A,2223,Salernitana,Luigi Sepe,ITA,GK,31,1991,17.0,27,4,0,0,0,30.3,0.27,3.3,0.2,76,274,27.7,490,84,40.6,35.9,154,48.7,41.1,222,16,7.2,13,0.76,14.2
ITA-Serie A,2223,Salernitana,Vincenzo Fiorillo,ITA,GK,32,1990,1.0,2,0,0,0,0,1.9,0.49,-0.1,-0.05,7,15,46.7,19,3,57.9,37.9,5,80.0,56.2,7,1,14.3,0,0.0,6.0
ITA-Serie A,2223,Sampdoria,Emil Audero,IDN,GK,25,1997,25.0,39,5,0,4,2,32.3,0.21,-4.7,-0.19,159,441,36.1,714,104,45.8,39.1,200,57.0,44.2,356,24,6.7,23,0.92,13.9
ITA-Serie A,2223,Sampdoria,Martin Turk,SVN,GK,18,2003,4.0,9,1,0,3,0,8.0,0.26,-1.0,-0.25,35,78,44.9,99,15,41.4,35.1,43,86.0,56.3,60,0,0.0,2,0.5,12.3
ITA-Serie A,2223,Sampdoria,Nicola Ravaglia,ITA,GK,33,1988,9.0,23,2,0,3,0,17.9,0.26,-5.1,-0.57,49,145,33.8,226,45,42.5,35.6,99,49.5,37.6,155,10,6.5,1,0.11,10.5
ITA-Serie A,2223,Sassuolo,Alessandro Russo,ITA,GK,21,2001,1.0,3,0,0,0,0,2.8,0.4,-0.2,-0.22,0,12,0.0,42,2,28.6,30.7,8,0.0,18.3,14,0,0.0,0,0.0,10.0
ITA-Serie A,2223,Sassuolo,Andrea Consigli,ITA,GK,35,1987,35.0,55,3,0,5,2,38.5,0.31,-14.5,-0.41,176,436,40.4,1140,187,30.4,33.3,285,31.2,32.5,467,28,6.0,28,0.8,14.2
ITA-Serie A,2223,Sassuolo,Gianluca Pegolo,ITA,GK,41,1981,2.0,3,1,0,0,0,3.2,0.38,0.2,0.12,9,18,50.0,61,10,21.3,29.7,16,31.3,28.3,28,2,7.1,0,0.0,9.0
ITA-Serie A,2223,Spezia,Bartłomiej Drągowski,POL,GK,24,1997,32.7,54,4,1,7,3,46.1,0.25,-4.9,-0.15,151,482,31.3,975,159,37.6,34.6,196,58.7,46.5,472,13,2.8,32,0.98,14.1
ITA-Serie A,2223,Spezia,Federico Marchetti,ITA,GK,39,1983,0.7,2,0,0,0,0,1.5,0.48,-0.5,-0.74,2,4,50.0,10,2,10.0,24.3,8,37.5,32.4,8,0,0.0,1,1.36,22.0
ITA-Serie A,2223,Spezia,Jeroen Zoet,NED,GK,31,1991,3.7,4,1,0,1,0,2.8,0.14,-1.2,-0.31,25,78,32.1,110,13,54.5,39.0,23,78.3,58.4,62,4,6.5,6,1.61,14.7
ITA-Serie A,2223,Spezia,Petar Zovko,BIH,GK,20,2002,0.8,2,0,0,0,0,1.7,0.55,-0.3,-0.42,7,21,33.3,23,3,47.8,35.1,13,76.9,51.1,24,1,4.2,2,2.47,17.0
ITA-Serie A,2223,Torino,Vanja Milinković-Savić,SRB,GK,25,1997,38.0,41,5,0,6,0,35.8,0.23,-5.2,-0.14,285,939,30.4,1506,185,45.0,39.7,286,91.3,70.0,469,36,7.7,70,1.84,16.2
ITA-Serie A,2223,Udinese,Marco Silvestri,ITA,GK,31,1991,38.0,48,6,2,3,2,48.7,0.31,2.7,0.07,144,380,37.9,872,142,31.9,32.0,302,33.8,34.1,547,13,2.4,21,0.55,12.2
ITA-Serie A,2324,Atalanta,Francesco Rossi,ITA,GK,32,1991,0.1,0,0,0,0,0,0.8,0.75,0.8,13.52,0,1,0.0,1,1,0.0,14.0,1,100.0,67.0,2,0,0.0,0,0.0,
ITA-Serie A,2324,Atalanta,Juan Musso,ARG,GK,29,1994,11.0,12,2,0,2,1,9.8,0.23,-1.2,-0.11,40,120,33.3,299,70,24.4,29.6,70,67.1,48.6,110,10,9.1,16,1.45,16.7
ITA-Serie A,2324,Atalanta,Marco Carnesecchi,ITA,GK,23,2000,26.9,30,4,0,2,0,29.3,0.22,-0.7,-0.03,121,338,35.8,680,142,30.6,33.8,193,67.4,51.7,332,20,6.0,39,1.45,14.7
ITA-Serie A,2324,Bologna,Federico Ravaglia,ITA,GK,23,1999,5.9,3,0,1,0,0,5.5,0.25,2.5,0.43,14,49,28.6,172,23,18.0,25.4,34,52.9,41.0,73,1,1.4,4,0.67,17.1
ITA-Serie A,2324,Bologna,Nicola Bagnolini,ITA,GK,19,2004,0.1,0,0,0,0,0,0.0,0.02,0.0,0.36,1,2,50.0,1,0,100.0,47.0,2,50.0,53.0,0,0,,0,0.0,
ITA-Serie A,2324,Bologna,Łukasz Skorupski,POL,GK,32,1991,32.0,29,3,1,3,1,26.6,0.23,-1.4,-0.05,103,297,34.7,829,136,26.3,29.6,188,42.0,38.7,432,12,2.8,15,0.47,12.2
ITA-Serie A,2324,Cagliari,Boris Radunović,SRB,GK,27,1996,7.0,12,0,0,1,1,10.1,0.38,-0.9,-0.13,41,91,45.1,156,31,35.9,37.0,66,53.0,43.8,98,6,6.1,4,0.57,11.2
ITA-Serie A,2324,Cagliari,Simone Aresti,ITA,GK,37,1986,0.0,1,1,0,0,0,1.0,0.0,0.0,-1.21,0,1,0.0,1,0,100.0,64.0,0,,,3,0,0.0,0,0.0,
ITA-Serie A,2324,Cagliari,Simone Scuffet,ITA,GK,27,1996,31.0,55,3,3,9,2,45.1,0.33,-7.9,-0.25,161,452,35.6,684,106,43.3,37.1,243,64.2,46.9,482,22,4.6,20,0.65,12.1
ITA-Serie A,2324,Empoli,Elia Caprile,ITA,GK,21,2001,23.0,27,4,0,5,0,27.6,0.22,0.6,0.02,117,350,33.4,657,137,40.3,36.8,159,53.5,45.1,391,31,7.9,20,0.87,13.3
ITA-Serie A,2324,Empoli,Etrit Berisha,ALB,GK,34,1989,14.0,25,2,0,5,1,20.7,0.24,-3.3,-0.24,44,184,23.9,400,75,34.8,33.0,90,50.0,40.8,236,11,4.7,10,0.71,12.4
ITA-Serie A,2324,Empoli,Samuele Perisan,ITA,GK,25,1997,1.0,2,0,0,0,0,0.7,0.14,-1.3,-1.32,1,8,12.5,22,8,27.3,26.3,12,16.7,29.6,18,0,0.0,1,1.0,21.0
ITA-Serie A,2324,Fiorentina,Oliver Christensen,DEN,GK,24,1999,4.0,9,2,0,0,0,4.0,0.11,-5.0,-1.26,23,61,37.7,170,15,31.8,31.0,20,35.0,33.7,32,1,3.1,9,2.25,19.5
ITA-Serie A,2324,Fiorentina,Pietro Terracciano,ITA,GK,33,1990,33.0,35,6,3,5,0,40.2,0.27,5.2,0.16,164,382,42.9,1051,120,29.0,32.1,176,43.8,38.2,307,7,2.3,23,0.7,14.6
ITA-Serie A,2324,Fiorentina,Tommaso Martinelli,ITA,GK,17,2006,1.0,2,0,0,0,0,1.4,0.45,-0.6,-0.65,4,15,26.7,40,3,30.0,32.3,9,33.3,32.0,14,0,0.0,0,0.0,11.0
ITA-Serie A,2324,Frosinone,Michele Cerofolini,ITA,GK,24,1999,7.5,11,0,0,1,1,5.9,0.22,-4.1,-0.55,18,100,18.0,171,28,47.4,37.2,38,50.0,42.8,126,4,3.2,7,0.93,14.3
ITA-Serie A,2324,Frosinone,Stefano Turati,ITA,GK,21,2001,30.5,58,5,0,10,1,47.5,0.28,-9.5,-0.31,72,316,22.8,919,147,27.3,29.2,144,45.1,38.8,412,18,4.4,19,0.62,13.7
ITA-Serie A,2324,Genoa,Daniele Sommariva,ITA,GK,26,1997,0.1,0,0,0,0,0,0.0,,0.0,0.0,0,3,0.0,2,0,100.0,54.5,1,100.0,76.0,2,1,50.0,0,0.0,15.0
ITA-Serie A,2324,Genoa,Josep Martinez,ESP,GK,25,1998,36.0,43,3,1,4,1,38.9,0.28,-3.1,-0.09,227,583,38.9,1253,107,37.4,35.9,171,66.7,49.4,580,45,7.8,40,1.11,12.2
ITA-Serie A,2324,Genoa,Nicola Leali,ITA,GK,30,1993,2.0,2,0,0,0,0,2.8,0.31,0.8,0.4,18,48,37.5,62,3,69.4,44.7,10,50.0,40.6,27,2,7.4,1,0.51,15.2
ITA-Serie A,2324,Hellas Verona,Lorenzo Montipò,ITA,GK,27,1996,37.0,49,2,0,6,1,40.7,0.26,-7.3,-0.2,323,763,42.3,960,109,54.5,41.1,305,78.7,56.4,487,22,4.5,43,1.16,15.3
ITA-Serie A,2324,Hellas Verona,Simone Perilli,ITA,GK,28,1995,1.0,2,0,0,0,0,2.7,0.29,0.7,0.75,8,28,28.6,32,2,75.0,49.5,5,80.0,62.0,5,0,0.0,2,2.0,18.0
ITA-Serie A,2324,Inter,Emil Audero,IDN,GK,26,1997,3.7,3,0,0,0,0,3.1,0.28,0.1,0.02,6,24,25.0,177,28,11.9,24.6,18,16.7,27.2,54,6,11.1,2,0.53,10.2
ITA-Serie A,2324,Inter,Raffaele Di Gennaro,ITA,GK,29,1993,0.3,0,0,0,0,0,0.5,0.13,0.5,2.08,1,2,50.0,15,3,13.3,25.2,1,0.0,10.0,4,0,0.0,0,0.0,
ITA-Serie A,2324,Inter,Yann Sommer,SUI,GK,34,1988,34.0,19,2,0,3,0,25.5,0.23,6.5,0.19,104,226,46.0,1033,120,17.4,26.1,201,22.9,27.9,395,18,4.6,14,0.41,12.1
ITA-Serie A,2324,Juventus,Carlo Pinsoglio,ITA,GK,33,1990,0.5,0,0,0,0,0,0.5,0.18,0.5,1.06,2,5,40.0,21,1,23.8,31.4,0,,,17,0,0.0,0,0.0,5.0
ITA-Serie A,2324,Juventus,Mattia Perin,ITA,GK,30,1992,2.5,1,0,0,0,0,1.2,0.25,0.2,0.1,5,15,33.3,54,9,25.9,29.4,12,8.3,19.5,29,2,6.9,3,1.2,16.7
ITA-Serie A,2324,Juventus,Wojciech Szczęsny,POL,GK,33,1990,35.0,30,2,0,4,2,28.3,0.24,0.3,0.01,147,340,43.2,828,134,32.0,32.8,174,43.1,40.2,555,26,4.7,20,0.57,11.6
ITA-Serie A,2324,Lazio,Christos Mandas,GRE,GK,21,2001,8.0,6,0,0,2,0,7.0,0.25,1.0,0.12,38,114,33.3,240,29,42.5,37.7,29,41.4,37.9,99,6,6.1,5,0.62,13.1
ITA-Serie A,2324,Lazio,Ivan Provedel,ITA,GK,29,1994,30.0,33,2,0,1,0,30.0,0.23,-3.0,-0.1,101,252,40.1,841,103,22.6,30.8,176,35.2,37.0,377,15,4.0,18,0.6,13.0
ITA-Serie A,2324,Lecce,Wladimiro Falcone,ITA,GK,28,1995,38.0,54,5,1,7,1,51.0,0.26,-2.0,-0.05,152,489,31.1,893,159,42.6,34.9,248,44.0,35.2,522,20,3.8,20,0.53,11.0
ITA-Serie A,2324,Milan,Antonio Mirante,ITA,GK,40,1983,2.0,3,0,0,1,0,3.1,0.41,0.1,0.05,5,14,35.7,46,5,26.1,29.2,8,25.0,29.4,17,1,5.9,1,0.51,11.9
ITA-Serie A,2324,Milan,Lapo Nava,ITA,GK,19,2004,0.0,1,0,0,0,0,0.9,0.5,-0.1,-2.83,1,1,100.0,1,0,100.0,43.0,0,,,0,0,,0,0.0,
ITA-Serie A,2324,Milan,Marco Sportiello,ITA,GK,31,1992,7.0,11,1,0,0,1,8.9,0.25,-1.1,-0.15,20,51,39.2,230,40,20.4,26.9,17,23.5,29.1,81,5,6.2,9,1.29,15.4
ITA-Serie A,2324,Milan,Mike Maignan,FRA,GK,28,1995,29.0,34,7,2,3,0,29.8,0.19,-4.2,-0.14,119,284,41.9,1070,188,21.1,28.2,147,39.5,38.0,339,37,10.9,36,1.24,15.2
ITA-Serie A,2324,Monza,Alessandro Sorrentino,ITA,GK,21,2002,6.1,16,4,0,1,0,14.4,0.34,-1.6,-0.27,18,56,32.1,151,29,26.5,30.6,42,38.1,36.1,62,3,4.8,3,0.49,16.8
ITA-Serie A,2324,Monza,Michele Di Gregorio,ITA,GK,26,1997,31.9,35,3,1,5,0,45.4,0.26,10.4,0.33,179,430,41.6,1126,201,27.8,30.6,223,52.5,44.2,469,19,4.1,18,0.56,11.5
ITA-Serie A,2324,Napoli,Alex Meret,ITA,GK,26,1997,30.8,40,2,1,5,0,38.0,0.33,-2.0,-0.07,56,174,32.2,774,120,18.5,27.9,137,22.6,29.5,334,9,2.7,29,0.94,15.4
ITA-Serie A,2324,Napoli,Nikita Contini Baranovsky,ITA,GK,27,1996,0.2,0,0,0,0,0,0.0,,0.0,0.0,0,0,,3,1,0.0,17.0,1,0.0,15.0,1,0,0.0,3,15.88,37.0
ITA-Serie A,2324,Napoli,Pierluigi Gollini,ITA,GK,28,1995,7.0,8,0,0,1,0,8.2,0.34,0.2,0.02,27,68,39.7,213,28,22.1,29.5,53,39.6,36.3,82,5,6.1,9,1.29,16.2
ITA-Serie A,2324,Roma,Mile Svilar,SRB,GK,23,1999,15.0,19,1,0,3,1,20.2,0.24,2.2,0.14,44,116,37.9,516,77,15.9,25.3,89,38.2,36.2,208,16,7.7,7,0.47,12.0
ITA-Serie A,2324,Roma,Rui Patrício,POR,GK,35,1988,23.0,27,2,0,2,2,23.4,0.29,-1.6,-0.07,90,211,42.7,492,86,31.5,31.0,137,40.9,34.9,309,16,5.2,8,0.35,11.7
ITA-Serie A,2324,Salernitana,Benoît Costil,FRA,GK,36,1987,13.0,29,3,0,2,1,23.6,0.32,-4.4,-0.34,71,228,31.1,323,45,48.0,37.0,104,70.2,51.1,212,2,0.9,19,1.46,18.2
ITA-Serie A,2324,Salernitana,Guillermo Ochoa,MEX,GK,38,1985,21.0,44,7,0,3,1,37.2,0.27,-5.8,-0.28,85,323,26.3,479,73,46.3,37.5,171,59.1,44.4,342,9,2.6,11,0.52,13.6
ITA-Serie A,2324,Salernitana,Vincenzo Fiorillo,ITA,GK,33,1990,4.0,8,0,0,4,0,7.3,0.28,-0.7,-0.18,27,96,28.1,72,9,68.1,44.9,54,87.0,56.6,77,4,5.2,1,0.25,7.6
ITA-Serie A,2324,Sassuolo,Alessio Cragno,ITA,GK,29,1994,3.0,7,1,1,1,1,5.1,0.3,-0.9,-0.28,17,45,37.8,78,11,50.0,37.8,22,27.3,30.5,37,3,8.1,8,2.67,18.6
ITA-Serie A,2324,Sassuolo,Andrea Consigli,ITA,GK,36,1987,35.0,68,7,1,7,3,51.7,0.28,-13.3,-0.38,172,540,31.9,982,143,42.3,36.9,252,49.6,41.2,545,23,4.2,22,0.63,11.8
ITA-Serie A,2324,Torino,Luca Gemello,ITA,GK,23,2000,2.0,5,1,0,0,0,3.6,0.31,-1.4,-0.72,10,29,34.5,104,8,26.9,31.1,12,8.3,19.7,24,3,12.5,3,1.5,12.0
ITA-Serie A,2324,Torino,Vanja Milinković-Savić,SRB,GK,26,1997,36.0,31,6,0,4,0,33.8,0.21,2.8,0.08,264,783,33.7,1288,171,44.8,38.3,239,86.2,66.6,407,38,9.3,37,1.03,13.6
ITA-Serie A,2324,Udinese,Maduka Okoye,NGA,GK,23,1999,21.0,25,3,2,3,1,23.9,0.24,-0.1,0.0,99,263,37.6,286,45,55.9,41.7,161,64.0,49.0,365,7,1.9,2,0.1,8.7
ITA-Serie A,2324,Udinese,Marco Silvestri,ITA,GK,32,1991,17.0,28,6,0,2,0,25.7,0.29,-2.3,-0.14,57,168,33.9,345,68,33.6,32.3,105,49.5,42.1,282,5,1.8,7,0.41,13.1
ITA-Serie A,2425,Atalanta,Juan Musso,ARG,GK,30,1994,1.0,0,0,0,0,0,0.7,0.19,0.7,0.74,4,20,20.0,19,4,36.8,33.1,14,92.9,56.9,15,0,0.0,1,1.0,17.5
ITA-Serie A,2425,Atalanta,Marco Carnesecchi,ITA,GK,24,2000,34.0,34,2,0,4,2,36.1,0.28,4.1,0.12,121,374,32.4,878,177,28.2,32.3,201,62.7,48.2,319,21,6.6,45,1.32,14.5
ITA-Serie A,2425,Atalanta,Rui Patrício,POR,GK,36,1988,3.0,3,0,0,0,0,4.2,0.34,1.2,0.41,8,19,42.1,83,12,18.1,27.6,18,22.2,32.1,29,0,0.0,10,3.33,23.1
ITA-Serie A,2425,Bologna,Federico Ravaglia,ITA,GK,24,1999,11.7,14,1,0,2,0,11.7,0.46,-2.3,-0.2,48,138,34.8,426,45,27.5,30.8,47,44.7,40.4,97,11,11.3,9,0.77,12.9
ITA-Serie A,2425,Bologna,Łukasz Skorupski,POL,GK,33,1991,26.3,33,1,0,1,2,28.7,0.34,-2.3,-0.09,123,329,37.4,1005,113,27.9,31.6,95,51.6,44.7,215,18,8.4,23,0.88,13.0
ITA-Serie A,2425,Cagliari,Alen Sherri,ALB,GK,26,1997,6.9,11,0,0,0,0,10.9,0.35,-0.1,-0.02,29,84,34.5,168,22,35.7,32.2,57,42.1,37.0,85,4,4.7,5,0.72,11.1
ITA-Serie A,2425,Cagliari,Elia Caprile,ITA,GK,22,2001,18.0,22,1,0,4,0,23.5,0.35,1.5,0.08,132,332,39.8,546,93,44.1,36.8,159,57.2,45.2,266,18,6.8,23,1.28,15.6
ITA-Serie A,2425,Cagliari,Giuseppe Ciocci,ITA,GK,22,2002,0.1,0,0,0,0,0,0.0,,0.0,0.0,0,0,,1,0,0.0,6.0,0,,,0,0,,1,10.0,21.0
ITA-Serie A,2425,Cagliari,Simone Scuffet,ITA,GK,28,1996,13.0,23,5,0,6,0,20.4,0.28,-2.6,-0.2,71,181,39.2,305,50,42.0,35.5,99,53.5,42.3,189,6,3.2,7,0.54,11.8
ITA-Serie A,2425,Como,Emil Audero,IDN,GK,27,1997,8.0,18,4,0,2,0,12.4,0.27,-5.6,-0.7,17,55,30.9,232,30,22.0,28.6,21,19.0,27.5,95,5,5.3,8,1.0,12.9
ITA-Serie A,2425,Como,Jean Butez,FRA,GK,29,1995,18.5,20,2,0,1,0,20.1,0.27,0.1,0.0,90,235,38.3,709,92,30.2,32.0,43,48.8,42.7,190,22,11.6,51,2.76,18.2
ITA-Serie A,2425,Como,Pepe Reina,ESP,GK,41,1982,11.5,14,1,0,4,0,12.1,0.28,-1.9,-0.16,43,115,37.4,330,41,32.4,31.9,34,23.5,28.4,148,2,1.4,6,0.52,12.5
ITA-Serie A,2425,Empoli,Devis Vásquez,COL,GK,26,1998,32.0,45,1,0,4,0,40.2,0.31,-4.8,-0.15,161,560,28.8,953,104,48.5,39.0,150,65.3,52.0,490,36,7.3,15,0.47,10.9
ITA-Serie A,2425,Empoli,Jacopo Seghetti,ITA,GK,19,2005,1.0,3,0,0,0,0,1.9,0.31,-1.1,-1.12,3,9,33.3,16,5,37.5,33.8,5,60.0,39.0,4,0,0.0,1,1.0,26.0
ITA-Serie A,2425,Empoli,Marco Silvestri,ITA,GK,33,1991,5.0,11,0,0,3,1,8.0,0.32,-2.0,-0.41,35,85,41.2,135,16,60.7,41.8,13,23.1,25.2,62,1,1.6,4,0.8,12.6
ITA-Serie A,2425,Fiorentina,David de Gea,ESP,GK,33,1990,35.0,38,1,0,3,1,37.7,0.26,0.7,0.02,218,490,44.5,886,129,40.1,35.8,241,56.0,45.1,478,13,2.7,28,0.8,14.5
ITA-Serie A,2425,Fiorentina,Pietro Terracciano,ITA,GK,34,1990,3.0,3,0,0,0,0,3.1,0.24,0.1,0.03,8,25,32.0,78,14,28.2,28.8,11,27.3,26.5,20,1,5.0,3,1.0,17.0
ITA-Serie A,2425,Genoa,Benjamin Siegrist,SUI,GK,32,1992,1.7,2,0,0,0,0,2.4,0.2,0.4,0.23,6,30,20.0,54,9,33.3,35.9,19,63.2,46.7,26,1,3.8,1,0.59,6.2
ITA-Serie A,2425,Genoa,Daniele Sommariva,ITA,GK,27,1997,0.3,1,0,0,0,0,0.9,0.3,-0.1,-0.36,1,10,10.0,9,0,66.7,42.3,6,66.7,47.5,19,0,0.0,0,0.0,3.3
ITA-Serie A,2425,Genoa,Nicola Leali,ITA,GK,31,1993,29.0,31,3,0,4,3,34.3,0.29,6.3,0.22,150,391,38.4,722,112,39.3,33.9,214,50.0,41.1,390,21,5.4,14,0.48,11.2
ITA-Serie A,2425,Genoa,Pierluigi Gollini,ITA,GK,29,1995,7.0,15,3,0,1,0,12.2,0.29,-2.8,-0.39,33,75,44.0,198,21,24.7,30.4,52,50.0,44.4,92,2,2.2,2,0.29,9.6
ITA-Serie A,2425,Hellas Verona,Lorenzo Montipò,ITA,GK,28,1996,36.0,64,2,0,6,1,50.8,0.31,-12.2,-0.34,210,720,29.2,760,91,59.9,43.6,298,88.9,59.3,498,30,6.0,23,0.64,11.6
ITA-Serie A,2425,Hellas Verona,Simone Perilli,ITA,GK,29,1995,2.0,2,0,0,0,0,3.0,0.3,1.0,0.51,7,41,17.1,34,2,82.4,55.4,14,92.9,63.4,46,2,4.3,3,1.5,20.3
ITA-Serie A,2425,Inter,Josep Martinez,ESP,GK,26,1998,5.0,3,0,0,0,0,4.1,0.31,1.1,0.23,23,51,45.1,216,15,20.4,28.6,25,28.0,32.1,81,3,3.7,3,0.6,15.8
ITA-Serie A,2425,Inter,Yann Sommer,SUI,GK,35,1988,33.0,32,3,0,3,1,31.7,0.24,0.7,0.02,91,226,40.3,1199,136,16.9,26.6,126,18.3,27.5,356,14,3.9,14,0.42,13.2
ITA-Serie A,2425,Juventus,Mattia Perin,ITA,GK,31,1992,5.0,3,0,0,0,0,3.7,0.23,0.7,0.14,11,44,25.0,170,30,22.4,29.4,12,50.0,40.8,50,3,6.0,3,0.6,14.0
ITA-Serie A,2425,Juventus,Michele Di Gregorio,ITA,GK,27,1997,33.0,32,5,0,6,0,28.1,0.24,-3.9,-0.12,128,333,38.4,848,126,30.0,31.4,146,54.1,44.0,469,29,6.2,30,0.91,13.1
ITA-Serie A,2425,Lazio,Christos Mandas,GRE,GK,22,2001,9.0,7,0,0,1,0,7.9,0.29,0.9,0.1,42,124,33.9,308,36,36.4,35.9,25,48.0,41.8,130,20,15.4,22,2.44,16.8
ITA-Serie A,2425,Lazio,Ivan Provedel,ITA,GK,30,1994,29.0,42,4,0,3,2,31.5,0.32,-8.5,-0.29,146,374,39.0,1009,96,30.8,33.3,106,59.4,46.1,366,29,7.9,32,1.1,14.5
ITA-Serie A,2425,Lecce,Wladimiro Falcone,ITA,GK,29,1995,38.0,58,8,3,5,3,53.8,0.26,-1.2,-0.03,220,656,33.5,1017,120,51.9,39.1,178,71.9,50.2,590,29,4.9,19,0.5,11.0
ITA-Serie A,2425,Milan,Marco Sportiello,ITA,GK,32,1992,1.4,2,0,0,0,0,2.2,0.36,0.2,0.12,5,13,38.5,46,8,21.7,27.8,14,21.4,30.6,15,1,6.7,3,2.14,25.5
ITA-Serie A,2425,Milan,Mike Maignan,FRA,GK,29,1995,36.6,41,1,1,3,3,36.8,0.26,-1.2,-0.03,118,306,38.6,1355,174,17.4,27.8,194,36.1,38.6,447,26,5.8,68,1.86,18.7
ITA-Serie A,2425,Monza,Andrea Mazza,ITA,GK,20,2004,0.1,0,0,0,0,0,0.0,,0.0,0.0,1,2,50.0,5,1,20.0,24.0,2,50.0,40.0,1,0,0.0,0,0.0,
ITA-Serie A,2425,Monza,Semuel Pizzignacco,ITA,GK,22,2001,8.2,17,0,1,2,1,12.4,0.33,-3.6,-0.44,39,113,34.5,273,30,33.7,31.4,49,42.9,38.4,119,4,3.4,7,0.86,12.8
ITA-Serie A,2425,Monza,Stefano Turati,ITA,GK,22,2001,29.7,52,2,1,8,2,47.4,0.31,-2.6,-0.09,177,442,40.0,942,126,38.3,33.7,131,61.8,46.9,414,22,5.3,26,0.87,13.3
ITA-Serie A,2425,Napoli,Alex Meret,ITA,GK,27,1997,33.4,25,1,1,0,2,25.3,0.27,2.3,0.07,88,214,41.1,1041,117,15.4,27.7,181,29.8,34.9,378,21,5.6,47,1.41,16.5
ITA-Serie A,2425,Napoli,Elia Caprile,ITA,GK,22,2001,3.6,1,0,0,0,0,2.2,0.27,1.2,0.32,11,25,44.0,82,9,25.6,31.7,15,26.7,30.7,31,3,9.7,3,0.83,13.7
ITA-Serie A,2425,Napoli,Simone Scuffet,ITA,GK,28,1996,1.0,1,0,0,0,0,1.6,0.4,0.6,0.6,3,12,25.0,35,5,25.7,29.3,9,33.3,32.7,29,1,3.4,0,0.0,7.0
ITA-Serie A,2425,Parma,Leandro Chichizola,ARG,GK,34,1990,1.0,3,0,0,0,0,2.5,0.43,-0.5,-0.54,3,16,18.8,41,5,31.7,33.9,8,37.5,34.4,21,2,9.5,2,2.0,16.3
ITA-Serie A,2425,Parma,Zion Suzuki,JPN,GK,21,2002,36.8,53,5,3,5,2,51.4,0.32,0.4,0.01,204,669,30.5,1272,184,41.4,37.5,223,63.7,52.4,614,64,10.4,38,1.03,12.1
ITA-Serie A,2425,Roma,Mile Svilar,SRB,GK,24,1999,38.0,35,4,0,4,1,42.5,0.26,8.5,0.22,124,413,30.0,1258,170,23.8,30.6,200,56.5,45.5,495,30,6.1,33,0.87,13.7
ITA-Serie A,2425,Torino,Alberto Paleari,ITA,GK,31,1992,1.0,3,0,0,0,0,2.2,0.32,-0.8,-0.77,8,12,66.7,26,5,34.6,31.0,6,50.0,42.0,12,0,0.0,5,5.0,27.3
ITA-Serie A,2425,Torino,Vanja Milinković-Savić,SRB,GK,27,1997,37.0,42,3,1,7,2,51.4,0.27,11.4,0.31,223,702,31.8,1352,191,40.0,37.6,271,59.4,51.1,585,37,6.3,46,1.24,13.7
ITA-Serie A,2425,Udinese,Daniele Padelli,ITA,GK,38,1985,1.0,0,0,0,0,0,0.8,0.26,0.8,0.77,3,7,42.9,18,2,33.3,30.5,2,50.0,32.0,11,1,9.1,0,0.0,15.0
ITA-Serie A,2425,Udinese,Maduka Okoye,NGA,GK,24,1999,25.0,40,4,2,4,3,37.0,0.32,0.0,0.0,120,292,41.1,776,80,29.9,30.2,99,60.6,47.3,315,14,4.4,23,0.92,14.1
ITA-Serie A,2425,Udinese,Razvan Sava,ROU,GK,22,2002,12.0,16,3,1,4,2,14.5,0.24,0.5,0.04,44,148,29.7,337,26,33.2,32.2,55,65.5,47.5,202,4,2.0,13,1.08,14.8
ITA-Serie A,2425,Venezia,Filip Stankovic,SRB,GK,22,2002,15.2,23,4,0,3,1,25.2,0.26,3.2,0.21,48,161,29.8,439,51,29.4,31.6,73,43.8,34.3,249,12,4.8,13,0.86,10.8
ITA-Serie A,2425,Venezia,Ionuț Radu,ROU,GK,27,1997,15.0,18,3,0,2,0,19.2,0.26,1.2,0.08,67,275,24.4,470,61,47.7,40.2,73,69.9,55.3,215,13,6.0,3,0.2,9.1
ITA-Serie A,2425,Venezia,Jesse Joronen,FIN,GK,31,1993,7.8,15,3,0,3,2,12.6,0.26,-0.4,-0.05,20,84,23.8,260,46,28.1,31.0,41,26.8,34.9,125,6,4.8,5,0.64,9.4
ITA-Serie A,2526,Atalanta,Marco Carnesecchi,ITA,GK,25-080,2000,3.0,3,0,0,0,1,2.4,0.32,0.4,0.14,14,31,45.2,86,12,27.9,30.9,12,58.3,48.2,39,1,2.6,5,1.67,20.7
ITA-Serie A,2526,Bologna,Łukasz Skorupski,POL,GK,34-137,1991,3.0,2,0,0,0,0,2.3,0.26,0.3,0.11,20,49,40.8,163,21,26.4,31.7,16,37.5,38.4,27,2,7.4,0,0.0,9.1
ITA-Serie A,2526,Cagliari,Elia Caprile,ITA,GK,24-025,2001,3.0,2,0,0,1,0,2.7,0.22,0.7,0.22,17,50,34.0,95,16,44.2,37.1,13,61.5,40.7,63,10,15.9,1,0.33,8.6
ITA-Serie A,2526,Como,Jean Butez,FRA,GK,30-103,1995,3.0,2,0,0,0,0,2.3,0.33,0.3,0.11,20,33,60.6,135,12,23.7,27.6,3,33.3,39.0,32,5,15.6,5,1.67,16.5
ITA-Serie A,2526,Cremonese,Emil Audero,IDN,GK,28-244,1997,3.0,3,1,0,0,0,4.8,0.2,1.8,0.6,9,52,17.3,117,19,37.6,35.1,16,50.0,42.4,48,4,8.3,0,0.0,10.7
ITA-Serie A,2526,Fiorentina,David de Gea,ESP,GK,34-316,1990,3.0,4,1,0,1,0,5.5,0.3,1.5,0.51,10,29,34.5,89,12,25.8,30.6,11,54.5,48.1,34,1,2.9,3,1.0,13.0
ITA-Serie A,2526,Genoa,Nicola Leali,ITA,GK,32-214,1993,3.0,2,0,0,1,0,2.3,0.34,0.3,0.11,10,39,25.6,74,7,39.2,34.1,11,90.9,60.8,36,1,2.8,3,1.0,14.0
ITA-Serie A,2526,Hellas Verona,Lorenzo Montipò,ITA,GK,29-211,1996,3.0,5,0,0,1,0,4.7,0.39,-0.3,-0.09,17,51,33.3,70,14,44.3,38.9,22,90.9,60.8,38,3,7.9,3,1.0,13.5
ITA-Serie A,2526,Inter,Yann Sommer,SUI,GK,36-276,1988,3.0,6,1,0,1,0,4.0,0.29,-2.0,-0.65,6,13,46.2,76,11,14.5,25.2,16,12.5,23.8,31,1,3.2,3,1.0,19.3
ITA-Serie A,2526,Juventus,Michele Di Gregorio,ITA,GK,28-054,1997,3.0,3,0,0,1,0,1.3,0.22,-1.7,-0.57,9,30,30.0,90,13,27.8,31.8,8,62.5,49.4,57,5,8.8,1,0.33,8.4
ITA-Serie A,2526,Lazio,Ivan Provedel,ITA,GK,31-186,1994,3.0,3,0,1,1,0,4.4,0.34,1.4,0.47,5,16,31.3,75,13,17.3,27.9,12,25.0,30.2,24,2,8.3,3,1.0,14.4
ITA-Serie A,2526,Lecce,Wladimiro Falcone,ITA,GK,30-160,1995,3.0,6,0,0,1,0,5.5,0.34,-0.5,-0.17,17,56,30.4,72,6,65.3,44.6,12,75.0,52.1,40,1,2.5,7,2.33,15.4
ITA-Serie A,2526,Milan,Mike Maignan,FRA,GK,30-078,1995,2.6,2,0,0,1,0,1.8,0.36,-0.2,-0.07,6,17,35.3,84,12,17.9,30.3,4,50.0,37.8,30,6,20.0,0,0.0,7.1
ITA-Serie A,2526,Milan,Pietro Terracciano,ITA,GK,35-195,1990,0.4,0,0,0,0,0,0.0,,0.0,0.0,3,3,100.0,6,0,33.3,34.0,1,100.0,73.0,8,0,0.0,0,0.0,
ITA-Serie A,2526,Napoli,Alex Meret,ITA,GK,28-181,1997,2.0,0,0,0,0,0,0.1,0.02,0.1,0.03,1,5,20.0,47,6,10.6,22.6,15,0.0,20.7,7,1,14.3,3,1.5,21.0
ITA-Serie A,2526,Napoli,Vanja Milinković-Savić,SRB,GK,28-211,1997,1.0,1,0,0,1,0,0.4,0.14,-0.6,-0.57,4,19,21.1,29,4,44.8,40.2,6,100.0,76.2,22,3,13.6,0,0.0,9.0
ITA-Serie A,2526,Parma,Zion Suzuki,JPN,GK,23-029,2002,3.0,5,0,0,2,0,4.1,0.27,-0.9,-0.29,17,60,28.3,93,12,47.3,41.3,23,69.6,50.5,33,1,3.0,4,1.33,16.0
ITA-Serie A,2526,Pisa,Adrian Šemper,CRO,GK,27-250,1998,3.0,3,0,0,0,0,3.6,0.26,0.6,0.2,33,65,50.8,100,9,60.0,43.1,9,55.6,49.6,52,2,3.8,0,0.0,6.7
ITA-Serie A,2526,Roma,Mile Svilar,SRB,GK,26-023,1999,3.0,1,0,0,0,0,2.9,0.32,1.9,0.64,10,34,29.4,94,16,23.4,32.3,16,75.0,54.4,29,1,3.4,2,0.67,14.4
ITA-Serie A,2526,Sassuolo,Arijanet Muric,KVX,GK,26-316,1998,2.0,3,1,0,1,0,4.2,0.39,1.2,0.62,11,23,47.8,58,8,32.8,30.3,6,66.7,55.2,30,1,3.3,1,0.5,15.8
ITA-Serie A,2526,Sassuolo,Stefano Turati,ITA,GK,24-014,2001,1.0,2,0,1,0,0,1.2,0.31,-0.8,-0.76,0,16,0.0,23,4,56.5,40.7,3,100.0,67.3,9,1,11.1,1,1.0,10.0
ITA-Serie A,2526,Torino,Franco Israel,URU,GK,25-150,2000,3.0,5,0,0,1,0,3.8,0.23,-1.2,-0.39,23,63,36.5,107,14,50.5,41.5,9,100.0,66.3,42,1,2.4,5,1.67,19.1
ITA-Serie A,2526,Udinese,Razvan Sava,ROU,GK,23-090,2002,3.0,2,0,0,1,0,2.5,0.31,0.5,0.15,9,39,23.1,84,10,33.3,32.2,16,68.8,49.3,50,0,0.0,2,0.67,16.8
