index,season,matchday,team1,team2
0,2122,1,Empoli,Lazio
1,2122,1,Verona,Sassuolo
2,2122,1,Inter,Genoa
3,2122,1,Torino,Atalanta
4,2122,1,Bologna,Salernitana
5,2122,1,Napoli,Venezia
6,2122,1,Roma,Fiorentina
7,2122,1,Udinese,Juventus
8,2122,1,Cagliari,Spezia
9,2122,1,Sampdoria,Milan
10,2122,2,Verona,Inter
11,2122,2,Udinese,Venezia
12,2122,2,Atalanta,Bologna
13,2122,2,Fiorentina,Torino
14,2122,2,Juventus,Empoli
15,2122,2,Lazio,Spezia
16,2122,2,Genoa,Napoli
17,2122,2,Milan,Cagliari
18,2122,2,Salernitana,Roma
19,2122,2,Sassuolo,Sampdoria
20,2122,3,Atalanta,Fiorentina
21,2122,3,Empoli,Venezia
22,2122,3,Napoli,Juventus
23,2122,3,Cagliari,Genoa
24,2122,3,Milan,Lazio
25,2122,3,Roma,Sassuolo
26,2122,3,Sampdoria,Inter
27,2122,3,Spezia,Udinese
28,2122,3,Torino,Salernitana
29,2122,3,Bologna,Verona
30,2122,4,Sassuolo,Torino
31,2122,4,Genoa,Fiorentina
32,2122,4,Inter,Bologna
33,2122,4,Salernitana,Atalanta
34,2122,4,Empoli,Sampdoria
35,2122,4,Verona,Roma
36,2122,4,Juventus,Milan
37,2122,4,Lazio,Cagliari
38,2122,4,Venezia,Spezia
39,2122,4,Udinese,Napoli
40,2122,5,Atalanta,Sassuolo
41,2122,5,Bologna,Genoa
42,2122,5,Fiorentina,Inter
43,2122,5,Cagliari,Empoli
44,2122,5,Milan,Venezia
45,2122,5,Salernitana,Verona
46,2122,5,Spezia,Juventus
47,2122,5,Roma,Udinese
48,2122,5,Sampdoria,Napoli
49,2122,5,Torino,Lazio
50,2122,6,Genoa,Verona
51,2122,6,Inter,Atalanta
52,2122,6,Spezia,Milan
53,2122,6,Empoli,Bologna
54,2122,6,Juventus,Sampdoria
55,2122,6,Lazio,Roma
56,2122,6,Napoli,Cagliari
57,2122,6,Sassuolo,Salernitana
58,2122,6,Udinese,Fiorentina
59,2122,6,Venezia,Torino
60,2122,7,Cagliari,Venezia
61,2122,7,Salernitana,Genoa
62,2122,7,Sassuolo,Inter
63,2122,7,Torino,Juventus
64,2122,7,Atalanta,Milan
65,2122,7,Bologna,Lazio
66,2122,7,Fiorentina,Napoli
67,2122,7,Verona,Spezia
68,2122,7,Roma,Empoli
69,2122,7,Sampdoria,Udinese
70,2122,8,Lazio,Inter
71,2122,8,Milan,Verona
72,2122,8,Spezia,Salernitana
73,2122,8,Cagliari,Sampdoria
74,2122,8,Empoli,Atalanta
75,2122,8,Genoa,Sassuolo
76,2122,8,Juventus,Roma
77,2122,8,Napoli,Torino
78,2122,8,Udinese,Bologna
79,2122,8,Venezia,Fiorentina
80,2122,9,Sampdoria,Spezia
81,2122,9,Torino,Genoa
82,2122,9,Bologna,Milan
83,2122,9,Salernitana,Empoli
84,2122,9,Sassuolo,Venezia
85,2122,9,Atalanta,Udinese
86,2122,9,Fiorentina,Cagliari
87,2122,9,Verona,Lazio
88,2122,9,Inter,Juventus
89,2122,9,Roma,Napoli
90,2122,10,Milan,Torino
91,2122,10,Spezia,Genoa
92,2122,10,Venezia,Salernitana
93,2122,10,Cagliari,Roma
94,2122,10,Empoli,Inter
95,2122,10,Juventus,Sassuolo
96,2122,10,Lazio,Fiorentina
97,2122,10,Sampdoria,Atalanta
98,2122,10,Udinese,Verona
99,2122,10,Napoli,Bologna
100,2122,11,Atalanta,Lazio
101,2122,11,Verona,Juventus
102,2122,11,Torino,Sampdoria
103,2122,11,Fiorentina,Spezia
104,2122,11,Genoa,Venezia
105,2122,11,Inter,Udinese
106,2122,11,Roma,Milan
107,2122,11,Salernitana,Napoli
108,2122,11,Sassuolo,Empoli
109,2122,11,Bologna,Cagliari
110,2122,12,Empoli,Genoa
111,2122,12,Cagliari,Atalanta
112,2122,12,Juventus,Fiorentina
113,2122,12,Spezia,Torino
114,2122,12,Lazio,Salernitana
115,2122,12,Milan,Inter
116,2122,12,Napoli,Verona
117,2122,12,Sampdoria,Bologna
118,2122,12,Udinese,Sassuolo
119,2122,12,Venezia,Roma
120,2122,13,Atalanta,Spezia
121,2122,13,Fiorentina,Milan
122,2122,13,Lazio,Juventus
123,2122,13,Bologna,Venezia
124,2122,13,Genoa,Roma
125,2122,13,Inter,Napoli
126,2122,13,Salernitana,Sampdoria
127,2122,13,Sassuolo,Cagliari
128,2122,13,Verona,Empoli
129,2122,13,Torino,Udinese
130,2122,14,Cagliari,Salernitana
131,2122,14,Empoli,Fiorentina
132,2122,14,Juventus,Atalanta
133,2122,14,Sampdoria,Verona
134,2122,14,Venezia,Inter
135,2122,14,Milan,Sassuolo
136,2122,14,Napoli,Lazio
137,2122,14,Roma,Torino
138,2122,14,Spezia,Bologna
139,2122,14,Udinese,Genoa
140,2122,15,Atalanta,Venezia
141,2122,15,Fiorentina,Sampdoria
142,2122,15,Verona,Cagliari
143,2122,15,Salernitana,Juventus
144,2122,15,Bologna,Roma
145,2122,15,Genoa,Milan
146,2122,15,Inter,Spezia
147,2122,15,Sassuolo,Napoli
148,2122,15,Lazio,Udinese
149,2122,15,Torino,Empoli
150,2122,16,Milan,Salernitana
151,2122,16,Napoli,Atalanta
152,2122,16,Roma,Inter
153,2122,16,Bologna,Fiorentina
154,2122,16,Juventus,Genoa
155,2122,16,Sampdoria,Lazio
156,2122,16,Spezia,Sassuolo
157,2122,16,Venezia,Verona
158,2122,16,Cagliari,Torino
159,2122,16,Empoli,Udinese
160,2122,17,Genoa,Sampdoria
161,2122,17,Fiorentina,Salernitana
162,2122,17,Udinese,Milan
163,2122,17,Venezia,Juventus
164,2122,17,Verona,Atalanta
165,2122,17,Inter,Cagliari
166,2122,17,Napoli,Empoli
167,2122,17,Sassuolo,Lazio
168,2122,17,Torino,Bologna
169,2122,17,Roma,Spezia
170,2122,18,Lazio,Genoa
171,2122,18,Salernitana,Inter
172,2122,18,Atalanta,Roma
173,2122,18,Bologna,Juventus
174,2122,18,Cagliari,Udinese
175,2122,18,Fiorentina,Sassuolo
176,2122,18,Milan,Napoli
177,2122,18,Sampdoria,Venezia
178,2122,18,Spezia,Empoli
179,2122,18,Torino,Verona
180,2122,19,Genoa,Atalanta
181,2122,19,Juventus,Cagliari
182,2122,19,Empoli,Milan
183,2122,19,Verona,Fiorentina
184,2122,19,Inter,Torino
185,2122,19,Napoli,Spezia
186,2122,19,Roma,Sampdoria
187,2122,19,Sassuolo,Bologna
188,2122,19,Venezia,Lazio
189,2122,20,Juventus,Napoli
190,2122,20,Lazio,Empoli
191,2122,20,Milan,Roma
192,2122,20,Sampdoria,Cagliari
193,2122,20,Sassuolo,Genoa
194,2122,20,Spezia,Verona
195,2122,21,Empoli,Sassuolo
196,2122,21,Genoa,Spezia
197,2122,21,Verona,Salernitana
198,2122,21,Inter,Lazio
199,2122,21,Napoli,Sampdoria
200,2122,21,Roma,Juventus
201,2122,21,Udinese,Atalanta
202,2122,21,Venezia,Milan
203,2122,21,Torino,Fiorentina
204,2122,21,Cagliari,Bologna
205,2122,22,Juventus,Udinese
206,2122,22,Salernitana,Lazio
207,2122,22,Sampdoria,Torino
208,2122,22,Atalanta,Inter
209,2122,22,Roma,Cagliari
210,2122,22,Sassuolo,Verona
211,2122,22,Venezia,Empoli
212,2122,22,Bologna,Napoli
213,2122,22,Fiorentina,Genoa
214,2122,22,Milan,Spezia
215,2122,23,Verona,Bologna
216,2122,23,Genoa,Udinese
217,2122,23,Inter,Venezia
218,2122,23,Lazio,Atalanta
219,2122,23,Cagliari,Fiorentina
220,2122,23,Empoli,Roma
221,2122,23,Milan,Juventus
222,2122,23,Napoli,Salernitana
223,2122,23,Spezia,Sampdoria
224,2122,23,Torino,Sassuolo
225,2122,24,Fiorentina,Lazio
226,2122,24,Inter,Milan
227,2122,24,Roma,Genoa
228,2122,24,Atalanta,Cagliari
229,2122,24,Bologna,Empoli
230,2122,24,Juventus,Verona
231,2122,24,Sampdoria,Sassuolo
232,2122,24,Udinese,Torino
233,2122,24,Venezia,Napoli
234,2122,24,Salernitana,Spezia
235,2122,25,Lazio,Bologna
236,2122,25,Napoli,Inter
237,2122,25,Torino,Venezia
238,2122,25,Atalanta,Juventus
239,2122,25,Empoli,Cagliari
240,2122,25,Genoa,Salernitana
241,2122,25,Verona,Udinese
242,2122,25,Milan,Sampdoria
243,2122,25,Sassuolo,Roma
244,2122,25,Spezia,Fiorentina
245,2122,26,Juventus,Torino
246,2122,26,Roma,Verona
247,2122,26,Salernitana,Milan
248,2122,26,Sampdoria,Empoli
249,2122,26,Fiorentina,Atalanta
250,2122,26,Inter,Sassuolo
251,2122,26,Udinese,Lazio
252,2122,26,Venezia,Genoa
253,2122,26,Bologna,Spezia
254,2122,26,Cagliari,Napoli
255,2122,27,Genoa,Inter
256,2122,27,Milan,Udinese
257,2122,27,Empoli,Juventus
258,2122,27,Salernitana,Bologna
259,2122,27,Sassuolo,Fiorentina
260,2122,27,Verona,Venezia
261,2122,27,Lazio,Napoli
262,2122,27,Spezia,Roma
263,2122,27,Torino,Cagliari
264,2122,27,Atalanta,Sampdoria
265,2122,28,Inter,Salernitana
266,2122,28,Cagliari,Lazio
267,2122,28,Roma,Atalanta
268,2122,28,Udinese,Sampdoria
269,2122,28,Bologna,Torino
270,2122,28,Fiorentina,Verona
271,2122,28,Genoa,Empoli
272,2122,28,Juventus,Spezia
273,2122,28,Napoli,Milan
274,2122,28,Venezia,Sassuolo
275,2122,29,Milan,Empoli
276,2122,29,Salernitana,Sassuolo
277,2122,29,Sampdoria,Juventus
278,2122,29,Spezia,Cagliari
279,2122,29,Atalanta,Genoa
280,2122,29,Fiorentina,Bologna
281,2122,29,Verona,Napoli
282,2122,29,Torino,Inter
283,2122,29,Udinese,Roma
284,2122,29,Lazio,Venezia
285,2122,30,Genoa,Torino
286,2122,30,Sassuolo,Spezia
287,2122,30,Cagliari,Milan
288,2122,30,Inter,Fiorentina
289,2122,30,Napoli,Udinese
290,2122,30,Bologna,Atalanta
291,2122,30,Empoli,Verona
292,2122,30,Juventus,Salernitana
293,2122,30,Roma,Lazio
294,2122,30,Venezia,Sampdoria
295,2122,31,Lazio,Sassuolo
296,2122,31,Salernitana,Torino
297,2122,31,Spezia,Venezia
298,2122,31,Atalanta,Napoli
299,2122,31,Fiorentina,Empoli
300,2122,31,Juventus,Inter
301,2122,31,Sampdoria,Roma
302,2122,31,Udinese,Cagliari
303,2122,31,Verona,Genoa
304,2122,31,Milan,Bologna
305,2122,32,Cagliari,Juventus
306,2122,32,Empoli,Spezia
307,2122,32,Inter,Verona
308,2122,32,Genoa,Lazio
309,2122,32,Napoli,Fiorentina
310,2122,32,Roma,Salernitana
311,2122,32,Sassuolo,Atalanta
312,2122,32,Torino,Milan
313,2122,32,Venezia,Udinese
314,2122,32,Bologna,Sampdoria
315,2122,33,Milan,Genoa
316,2122,33,Spezia,Inter
317,2122,33,Cagliari,Sassuolo
318,2122,33,Fiorentina,Venezia
319,2122,33,Juventus,Bologna
320,2122,33,Lazio,Torino
321,2122,33,Sampdoria,Salernitana
322,2122,33,Udinese,Empoli
323,2122,33,Atalanta,Verona
324,2122,33,Napoli,Roma
325,2122,19,Udinese,Salernitana
326,2122,34,Verona,Sampdoria
327,2122,34,Inter,Roma
328,2122,34,Torino,Spezia
329,2122,34,Venezia,Atalanta
330,2122,34,Bologna,Udinese
331,2122,34,Empoli,Napoli
332,2122,34,Genoa,Cagliari
333,2122,34,Lazio,Milan
334,2122,34,Salernitana,Fiorentina
335,2122,34,Sassuolo,Juventus
336,2122,20,Atalanta,Torino
337,2122,20,Bologna,Inter
338,2122,20,Fiorentina,Udinese
339,2122,35,Cagliari,Verona
340,2122,35,Napoli,Sassuolo
341,2122,35,Sampdoria,Genoa
342,2122,35,Spezia,Lazio
343,2122,35,Empoli,Torino
344,2122,35,Juventus,Venezia
345,2122,35,Milan,Fiorentina
346,2122,35,Roma,Bologna
347,2122,35,Udinese,Inter
348,2122,35,Atalanta,Salernitana
349,2122,20,Salernitana,Venezia
350,2122,36,Genoa,Juventus
351,2122,36,Inter,Empoli
352,2122,36,Lazio,Sampdoria
353,2122,36,Sassuolo,Udinese
354,2122,36,Torino,Napoli
355,2122,36,Verona,Milan
356,2122,36,Salernitana,Cagliari
357,2122,36,Spezia,Atalanta
358,2122,36,Venezia,Bologna
359,2122,36,Fiorentina,Roma
360,2122,37,Empoli,Salernitana
361,2122,37,Verona,Torino
362,2122,37,Roma,Venezia
363,2122,37,Udinese,Spezia
364,2122,37,Bologna,Sassuolo
365,2122,37,Cagliari,Inter
366,2122,37,Milan,Atalanta
367,2122,37,Napoli,Genoa
368,2122,37,Juventus,Lazio
369,2122,37,Sampdoria,Fiorentina
370,2122,38,Torino,Roma
371,2122,38,Atalanta,Empoli
372,2122,38,Fiorentina,Juventus
373,2122,38,Genoa,Bologna
374,2122,38,Lazio,Verona
375,2122,38,Inter,Sampdoria
376,2122,38,Salernitana,Udinese
377,2122,38,Sassuolo,Milan
378,2122,38,Spezia,Napoli
379,2122,38,Venezia,Cagliari
380,2223,1,Lecce,Inter
381,2223,1,Milan,Udinese
382,2223,1,Monza,Torino
383,2223,1,Sampdoria,Atalanta
384,2223,1,Fiorentina,Cremonese
385,2223,1,Lazio,Bologna
386,2223,1,Salernitana,Roma
387,2223,1,Spezia,Empoli
388,2223,1,Verona,Napoli
389,2223,1,Juventus,Sassuolo
390,2223,2,Inter,Spezia
391,2223,2,Sassuolo,Lecce
392,2223,2,Torino,Lazio
393,2223,2,Udinese,Salernitana
394,2223,2,Atalanta,Milan
395,2223,2,Bologna,Verona
396,2223,2,Empoli,Fiorentina
397,2223,2,Napoli,Monza
398,2223,2,Roma,Cremonese
399,2223,2,Sampdoria,Juventus
400,2223,3,Lazio,Inter
401,2223,3,Monza,Udinese
402,2223,3,Cremonese,Torino
403,2223,3,Juventus,Roma
404,2223,3,Milan,Bologna
405,2223,3,Spezia,Sassuolo
406,2223,3,Fiorentina,Napoli
407,2223,3,Verona,Atalanta
408,2223,3,Lecce,Empoli
409,2223,3,Salernitana,Sampdoria
410,2223,4,Inter,Cremonese
411,2223,4,Roma,Monza
412,2223,4,Sassuolo,Milan
413,2223,4,Empoli,Verona
414,2223,4,Juventus,Spezia
415,2223,4,Napoli,Lecce
416,2223,4,Sampdoria,Lazio
417,2223,4,Udinese,Fiorentina
418,2223,4,Atalanta,Torino
419,2223,4,Bologna,Salernitana
420,2223,5,Fiorentina,Juventus
421,2223,5,Lazio,Napoli
422,2223,5,Milan,Inter
423,2223,5,Cremonese,Sassuolo
424,2223,5,Verona,Sampdoria
425,2223,5,Spezia,Bologna
426,2223,5,Udinese,Roma
427,2223,5,Monza,Atalanta
428,2223,5,Salernitana,Empoli
429,2223,5,Torino,Lecce
430,2223,6,Inter,Torino
431,2223,6,Napoli,Spezia
432,2223,6,Sampdoria,Milan
433,2223,6,Atalanta,Cremonese
434,2223,6,Bologna,Fiorentina
435,2223,6,Juventus,Salernitana
436,2223,6,Lazio,Verona
437,2223,6,Lecce,Monza
438,2223,6,Sassuolo,Udinese
439,2223,6,Empoli,Roma
440,2223,7,Salernitana,Lecce
441,2223,7,Bologna,Empoli
442,2223,7,Spezia,Sampdoria
443,2223,7,Torino,Sassuolo
444,2223,7,Cremonese,Lazio
445,2223,7,Fiorentina,Verona
446,2223,7,Milan,Napoli
447,2223,7,Monza,Juventus
448,2223,7,Roma,Atalanta
449,2223,7,Udinese,Inter
450,2223,8,Empoli,Milan
451,2223,8,Inter,Roma
452,2223,8,Napoli,Torino
453,2223,8,Atalanta,Fiorentina
454,2223,8,Juventus,Bologna
455,2223,8,Lazio,Spezia
456,2223,8,Lecce,Cremonese
457,2223,8,Sampdoria,Monza
458,2223,8,Sassuolo,Salernitana
459,2223,8,Verona,Udinese
460,2223,9,Bologna,Sampdoria
461,2223,9,Milan,Juventus
462,2223,9,Sassuolo,Inter
463,2223,9,Cremonese,Napoli
464,2223,9,Monza,Spezia
465,2223,9,Roma,Lecce
466,2223,9,Salernitana,Verona
467,2223,9,Torino,Empoli
468,2223,9,Udinese,Atalanta
469,2223,9,Fiorentina,Lazio
470,2223,10,Atalanta,Sassuolo
471,2223,10,Empoli,Monza
472,2223,10,Torino,Juventus
473,2223,10,Verona,Milan
474,2223,10,Inter,Salernitana
475,2223,10,Lazio,Udinese
476,2223,10,Napoli,Bologna
477,2223,10,Spezia,Cremonese
478,2223,10,Lecce,Fiorentina
479,2223,10,Sampdoria,Roma
480,2223,11,Juventus,Empoli
481,2223,11,Fiorentina,Inter
482,2223,11,Milan,Monza
483,2223,11,Salernitana,Spezia
484,2223,11,Atalanta,Lazio
485,2223,11,Bologna,Lecce
486,2223,11,Roma,Napoli
487,2223,11,Udinese,Torino
488,2223,11,Cremonese,Sampdoria
489,2223,11,Sassuolo,Verona
490,2223,12,Inter,Sampdoria
491,2223,12,Lecce,Juventus
492,2223,12,Napoli,Sassuolo
493,2223,12,Cremonese,Udinese
494,2223,12,Empoli,Atalanta
495,2223,12,Lazio,Salernitana
496,2223,12,Spezia,Fiorentina
497,2223,12,Torino,Milan
498,2223,12,Verona,Roma
499,2223,12,Monza,Bologna
500,2223,13,Udinese,Lecce
501,2223,13,Atalanta,Napoli
502,2223,13,Empoli,Sassuolo
503,2223,13,Milan,Spezia
504,2223,13,Salernitana,Cremonese
505,2223,13,Bologna,Torino
506,2223,13,Juventus,Inter
507,2223,13,Monza,Verona
508,2223,13,Roma,Lazio
509,2223,13,Sampdoria,Fiorentina
510,2223,14,Cremonese,Milan
511,2223,14,Napoli,Empoli
512,2223,14,Spezia,Udinese
513,2223,14,Fiorentina,Salernitana
514,2223,14,Inter,Bologna
515,2223,14,Lecce,Atalanta
516,2223,14,Sassuolo,Roma
517,2223,14,Torino,Sampdoria
518,2223,14,Verona,Juventus
519,2223,14,Lazio,Monza
520,2223,15,Empoli,Cremonese
521,2223,15,Bologna,Sassuolo
522,2223,15,Napoli,Udinese
523,2223,15,Sampdoria,Lecce
524,2223,15,Atalanta,Inter
525,2223,15,Verona,Spezia
526,2223,15,Juventus,Lazio
527,2223,15,Milan,Fiorentina
528,2223,15,Monza,Salernitana
529,2223,15,Roma,Torino
530,2223,16,Cremonese,Juventus
531,2223,16,Fiorentina,Monza
532,2223,16,Inter,Napoli
533,2223,16,Lecce,Lazio
534,2223,16,Roma,Bologna
535,2223,16,Salernitana,Milan
536,2223,16,Sassuolo,Sampdoria
537,2223,16,Spezia,Atalanta
538,2223,16,Torino,Verona
539,2223,16,Udinese,Empoli
540,2223,17,Fiorentina,Sassuolo
541,2223,17,Juventus,Udinese
542,2223,17,Monza,Inter
543,2223,17,Lazio,Empoli
544,2223,17,Milan,Roma
545,2223,17,Salernitana,Torino
546,2223,17,Sampdoria,Napoli
547,2223,17,Spezia,Lecce
548,2223,17,Bologna,Atalanta
549,2223,17,Verona,Cremonese
550,2223,18,Napoli,Juventus
551,2223,18,Cremonese,Monza
552,2223,18,Inter,Verona
553,2223,18,Lecce,Milan
554,2223,18,Atalanta,Salernitana
555,2223,18,Roma,Fiorentina
556,2223,18,Sassuolo,Lazio
557,2223,18,Torino,Spezia
558,2223,18,Udinese,Bologna
559,2223,18,Empoli,Sampdoria
560,2223,19,Fiorentina,Torino
561,2223,19,Verona,Lecce
562,2223,19,Salernitana,Napoli
563,2223,19,Juventus,Atalanta
564,2223,19,Monza,Sassuolo
565,2223,19,Sampdoria,Udinese
566,2223,19,Spezia,Roma
567,2223,19,Bologna,Cremonese
568,2223,19,Inter,Empoli
569,2223,19,Lazio,Milan
570,2223,20,Bologna,Spezia
571,2223,20,Lecce,Salernitana
572,2223,20,Atalanta,Sampdoria
573,2223,20,Cremonese,Inter
574,2223,20,Empoli,Torino
575,2223,20,Juventus,Monza
576,2223,20,Lazio,Fiorentina
577,2223,20,Milan,Sassuolo
578,2223,20,Napoli,Roma
579,2223,20,Udinese,Verona
580,2223,21,Cremonese,Lecce
581,2223,21,Roma,Empoli
582,2223,21,Sassuolo,Atalanta
583,2223,21,Fiorentina,Bologna
584,2223,21,Inter,Milan
585,2223,21,Spezia,Napoli
586,2223,21,Torino,Udinese
587,2223,21,Verona,Lazio
588,2223,21,Monza,Sampdoria
589,2223,21,Salernitana,Juventus
590,2223,22,Milan,Torino
591,2223,22,Empoli,Spezia
592,2223,22,Lazio,Atalanta
593,2223,22,Lecce,Roma
594,2223,22,Bologna,Monza
595,2223,22,Juventus,Fiorentina
596,2223,22,Napoli,Cremonese
597,2223,22,Udinese,Sassuolo
598,2223,22,Verona,Salernitana
599,2223,22,Sampdoria,Inter
600,2223,23,Sassuolo,Napoli
601,2223,23,Inter,Udinese
602,2223,23,Monza,Milan
603,2223,23,Sampdoria,Bologna
604,2223,23,Atalanta,Lecce
605,2223,23,Fiorentina,Empoli
606,2223,23,Roma,Verona
607,2223,23,Salernitana,Lazio
608,2223,23,Spezia,Juventus
609,2223,23,Torino,Cremonese
610,2223,24,Empoli,Napoli
611,2223,24,Lecce,Sassuolo
612,2223,24,Bologna,Inter
613,2223,24,Milan,Atalanta
614,2223,24,Salernitana,Monza
615,2223,24,Udinese,Spezia
616,2223,24,Verona,Fiorentina
617,2223,24,Lazio,Sampdoria
618,2223,24,Cremonese,Roma
619,2223,24,Juventus,Torino
620,2223,25,Napoli,Lazio
621,2223,25,Atalanta,Udinese
622,2223,25,Fiorentina,Milan
623,2223,25,Monza,Empoli
624,2223,25,Inter,Lecce
625,2223,25,Roma,Juventus
626,2223,25,Sampdoria,Salernitana
627,2223,25,Spezia,Verona
628,2223,25,Sassuolo,Cremonese
629,2223,25,Torino,Bologna
630,2223,26,Spezia,Inter
631,2223,26,Bologna,Lazio
632,2223,26,Empoli,Udinese
633,2223,26,Napoli,Atalanta
634,2223,26,Cremonese,Fiorentina
635,2223,26,Verona,Monza
636,2223,26,Juventus,Sampdoria
637,2223,26,Lecce,Torino
638,2223,26,Roma,Sassuolo
639,2223,26,Milan,Salernitana
640,2223,27,Atalanta,Empoli
641,2223,27,Sassuolo,Spezia
642,2223,27,Monza,Cremonese
643,2223,27,Salernitana,Bologna
644,2223,27,Udinese,Milan
645,2223,27,Fiorentina,Lecce
646,2223,27,Inter,Juventus
647,2223,27,Lazio,Roma
648,2223,27,Sampdoria,Verona
649,2223,27,Torino,Napoli
650,2223,28,Cremonese,Atalanta
651,2223,28,Inter,Fiorentina
652,2223,28,Juventus,Verona
653,2223,28,Bologna,Udinese
654,2223,28,Monza,Lazio
655,2223,28,Napoli,Milan
656,2223,28,Roma,Sampdoria
657,2223,28,Spezia,Salernitana
658,2223,28,Empoli,Lecce
659,2223,28,Sassuolo,Torino
660,2223,29,Lecce,Napoli
661,2223,29,Milan,Empoli
662,2223,29,Salernitana,Inter
663,2223,29,Atalanta,Bologna
664,2223,29,Fiorentina,Spezia
665,2223,29,Verona,Sassuolo
666,2223,29,Lazio,Juventus
667,2223,29,Sampdoria,Cremonese
668,2223,29,Torino,Roma
669,2223,29,Udinese,Monza
670,2223,30,Cremonese,Empoli
671,2223,30,Spezia,Lazio
672,2223,30,Bologna,Milan
673,2223,30,Inter,Monza
674,2223,30,Napoli,Verona
675,2223,30,Lecce,Sampdoria
676,2223,30,Roma,Udinese
677,2223,30,Sassuolo,Juventus
678,2223,30,Torino,Salernitana
679,2223,30,Fiorentina,Atalanta
680,2223,31,Verona,Bologna
681,2223,31,Lazio,Torino
682,2223,31,Salernitana,Sassuolo
683,2223,31,Sampdoria,Spezia
684,2223,31,Empoli,Inter
685,2223,31,Juventus,Napoli
686,2223,31,Milan,Lecce
687,2223,31,Monza,Fiorentina
688,2223,31,Udinese,Cremonese
689,2223,31,Atalanta,Roma
690,2223,32,Lecce,Udinese
691,2223,32,Spezia,Monza
692,2223,32,Roma,Milan
693,2223,32,Torino,Atalanta
694,2223,32,Bologna,Juventus
695,2223,32,Cremonese,Verona
696,2223,32,Fiorentina,Sampdoria
697,2223,32,Inter,Lazio
698,2223,32,Napoli,Salernitana
699,2223,32,Sassuolo,Empoli
700,2223,33,Atalanta,Spezia
701,2223,33,Verona,Inter
702,2223,33,Juventus,Lecce
703,2223,33,Lazio,Sassuolo
704,2223,33,Milan,Cremonese
705,2223,33,Monza,Roma
706,2223,33,Salernitana,Fiorentina
707,2223,33,Sampdoria,Torino
708,2223,33,Empoli,Bologna
709,2223,33,Udinese,Napoli
710,2223,34,Cremonese,Spezia
711,2223,34,Milan,Lazio
712,2223,34,Roma,Inter
713,2223,34,Atalanta,Juventus
714,2223,34,Lecce,Verona
715,2223,34,Napoli,Fiorentina
716,2223,34,Torino,Monza
717,2223,34,Empoli,Salernitana
718,2223,34,Sassuolo,Bologna
719,2223,34,Udinese,Sampdoria
720,2223,35,Lazio,Lecce
721,2223,35,Inter,Sassuolo
722,2223,35,Salernitana,Atalanta
723,2223,35,Spezia,Milan
724,2223,35,Bologna,Roma
725,2223,35,Fiorentina,Udinese
726,2223,35,Verona,Torino
727,2223,35,Juventus,Cremonese
728,2223,35,Monza,Napoli
729,2223,35,Sampdoria,Empoli
730,2223,36,Sassuolo,Monza
731,2223,36,Atalanta,Verona
732,2223,36,Cremonese,Bologna
733,2223,36,Milan,Sampdoria
734,2223,36,Lecce,Spezia
735,2223,36,Napoli,Inter
736,2223,36,Torino,Fiorentina
737,2223,36,Udinese,Lazio
738,2223,36,Empoli,Juventus
739,2223,36,Roma,Salernitana
740,2223,37,Sampdoria,Sassuolo
741,2223,37,Fiorentina,Roma
742,2223,37,Inter,Atalanta
743,2223,37,Salernitana,Udinese
744,2223,37,Spezia,Torino
745,2223,37,Bologna,Napoli
746,2223,37,Verona,Empoli
747,2223,37,Juventus,Milan
748,2223,37,Lazio,Cremonese
749,2223,37,Monza,Lecce
750,2223,38,Sassuolo,Fiorentina
751,2223,38,Cremonese,Salernitana
752,2223,38,Empoli,Lazio
753,2223,38,Torino,Inter
754,2223,38,Atalanta,Monza
755,2223,38,Lecce,Bologna
756,2223,38,Milan,Verona
757,2223,38,Napoli,Sampdoria
758,2223,38,Roma,Spezia
759,2223,38,Udinese,Juventus
761,2324,1,Empoli,Verona
762,2324,1,Frosinone,Napoli
763,2324,1,Genoa,Fiorentina
764,2324,1,Inter,Monza
765,2324,1,Lecce,Lazio
766,2324,1,Roma,Salernitana
767,2324,1,Sassuolo,Atalanta
768,2324,1,Udinese,Juventus
769,2324,1,Bologna,Milan
770,2324,1,Torino,Cagliari
771,2324,2,Frosinone,Atalanta
772,2324,2,Verona,Roma
773,2324,2,Milan,Torino
774,2324,2,Monza,Empoli
775,2324,2,Fiorentina,Lecce
776,2324,2,Juventus,Bologna
777,2324,2,Lazio,Genoa
778,2324,2,Napoli,Sassuolo
779,2324,2,Cagliari,Inter
780,2324,2,Salernitana,Udinese
781,2324,3,Roma,Milan
782,2324,3,Sassuolo,Verona
783,2324,3,Atalanta,Monza
784,2324,3,Bologna,Cagliari
785,2324,3,Napoli,Lazio
786,2324,3,Udinese,Frosinone
787,2324,3,Empoli,Juventus
788,2324,3,Inter,Fiorentina
789,2324,3,Lecce,Salernitana
790,2324,3,Torino,Genoa
791,2324,4,Genoa,Napoli
792,2324,4,Inter,Milan
793,2324,4,Juventus,Lazio
794,2324,4,Cagliari,Udinese
795,2324,4,Fiorentina,Atalanta
796,2324,4,Frosinone,Sassuolo
797,2324,4,Monza,Lecce
798,2324,4,Roma,Empoli
799,2324,4,Verona,Bologna
800,2324,4,Salernitana,Torino
801,2324,5,Lecce,Genoa
802,2324,5,Salernitana,Frosinone
803,2324,5,Lazio,Monza
804,2324,5,Milan,Verona
805,2324,5,Sassuolo,Juventus
806,2324,5,Atalanta,Cagliari
807,2324,5,Bologna,Napoli
808,2324,5,Empoli,Inter
809,2324,5,Torino,Roma
810,2324,5,Udinese,Fiorentina
811,2324,6,Juventus,Lecce
812,2324,6,Cagliari,Milan
813,2324,6,Empoli,Salernitana
814,2324,6,Verona,Atalanta
815,2324,6,Inter,Sassuolo
816,2324,6,Lazio,Torino
817,2324,6,Napoli,Udinese
818,2324,6,Frosinone,Fiorentina
819,2324,6,Genoa,Roma
820,2324,6,Monza,Bologna
821,2324,7,Lecce,Napoli
822,2324,7,Milan,Lazio
823,2324,7,Salernitana,Inter
824,2324,7,Atalanta,Juventus
825,2324,7,Bologna,Empoli
826,2324,7,Roma,Frosinone
827,2324,7,Udinese,Genoa
828,2324,7,Fiorentina,Cagliari
829,2324,7,Sassuolo,Monza
830,2324,7,Torino,Verona
831,2324,8,Empoli,Udinese
832,2324,8,Lecce,Sassuolo
833,2324,8,Genoa,Milan
834,2324,8,Inter,Bologna
835,2324,8,Juventus,Torino
836,2324,8,Cagliari,Roma
837,2324,8,Frosinone,Verona
838,2324,8,Lazio,Atalanta
839,2324,8,Monza,Salernitana
840,2324,8,Napoli,Fiorentina
841,2324,9,Verona,Napoli
842,2324,9,Sassuolo,Lazio
843,2324,9,Torino,Inter
844,2324,9,Atalanta,Genoa
845,2324,9,Bologna,Frosinone
846,2324,9,Milan,Juventus
847,2324,9,Roma,Monza
848,2324,9,Salernitana,Cagliari
849,2324,9,Fiorentina,Empoli
850,2324,9,Udinese,Lecce
851,2324,10,Genoa,Salernitana
852,2324,10,Juventus,Verona
853,2324,10,Lecce,Torino
854,2324,10,Sassuolo,Bologna
855,2324,10,Cagliari,Frosinone
856,2324,10,Inter,Roma
857,2324,10,Monza,Udinese
858,2324,10,Napoli,Milan
859,2324,10,Empoli,Atalanta
860,2324,10,Lazio,Fiorentina
861,2324,11,Bologna,Lazio
862,2324,11,Atalanta,Inter
863,2324,11,Milan,Udinese
864,2324,11,Salernitana,Napoli
865,2324,11,Cagliari,Genoa
866,2324,11,Fiorentina,Juventus
867,2324,11,Verona,Monza
868,2324,11,Roma,Lecce
869,2324,11,Frosinone,Empoli
870,2324,11,Torino,Sassuolo
871,2324,12,Genoa,Verona
872,2324,12,Sassuolo,Salernitana
873,2324,12,Juventus,Cagliari
874,2324,12,Lecce,Milan
875,2324,12,Monza,Torino
876,2324,12,Fiorentina,Bologna
877,2324,12,Inter,Frosinone
878,2324,12,Lazio,Roma
879,2324,12,Napoli,Empoli
880,2324,12,Udinese,Atalanta
881,2324,13,Atalanta,Napoli
882,2324,13,Milan,Fiorentina
883,2324,13,Salernitana,Lazio
884,2324,13,Cagliari,Monza
885,2324,13,Empoli,Sassuolo
886,2324,13,Frosinone,Genoa
887,2324,13,Juventus,Inter
888,2324,13,Roma,Udinese
889,2324,13,Bologna,Torino
890,2324,13,Verona,Lecce
891,2324,14,Monza,Juventus
892,2324,14,Genoa,Empoli
893,2324,14,Lazio,Cagliari
894,2324,14,Milan,Frosinone
895,2324,14,Fiorentina,Salernitana
896,2324,14,Lecce,Bologna
897,2324,14,Napoli,Inter
898,2324,14,Sassuolo,Roma
899,2324,14,Udinese,Verona
900,2324,14,Torino,Atalanta
901,2324,15,Juventus,Napoli
902,2324,15,Atalanta,Milan
903,2324,15,Verona,Lazio
904,2324,15,Inter,Udinese
905,2324,15,Frosinone,Torino
906,2324,15,Monza,Genoa
907,2324,15,Roma,Fiorentina
908,2324,15,Salernitana,Bologna
909,2324,15,Cagliari,Sassuolo
910,2324,15,Empoli,Lecce
911,2324,16,Genoa,Juventus
912,2324,16,Lecce,Frosinone
913,2324,16,Napoli,Cagliari
914,2324,16,Torino,Empoli
915,2324,16,Bologna,Roma
916,2324,16,Fiorentina,Verona
917,2324,16,Lazio,Inter
918,2324,16,Milan,Monza
919,2324,16,Udinese,Sassuolo
920,2324,16,Atalanta,Salernitana
921,2324,17,Empoli,Lazio
922,2324,17,Monza,Fiorentina
923,2324,17,Salernitana,Milan
924,2324,17,Sassuolo,Genoa
925,2324,17,Bologna,Atalanta
926,2324,17,Frosinone,Juventus
927,2324,17,Verona,Cagliari
928,2324,17,Inter,Lecce
929,2324,17,Roma,Napoli
930,2324,17,Torino,Udinese
931,2324,18,Fiorentina,Torino
932,2324,18,Genoa,Inter
933,2324,18,Lazio,Frosinone
934,2324,18,Napoli,Monza
935,2324,18,Atalanta,Lecce
936,2324,18,Cagliari,Empoli
937,2324,18,Verona,Salernitana
938,2324,18,Juventus,Roma
939,2324,18,Milan,Sassuolo
940,2324,18,Udinese,Bologna
941,2324,19,Bologna,Genoa
942,2324,19,Frosinone,Monza
943,2324,19,Inter,Verona
944,2324,19,Lecce,Cagliari
945,2324,19,Sassuolo,Fiorentina
946,2324,19,Empoli,Milan
947,2324,19,Roma,Atalanta
948,2324,19,Salernitana,Juventus
949,2324,19,Torino,Napoli
950,2324,19,Udinese,Lazio
951,2324,20,Genoa,Torino
952,2324,20,Verona,Empoli
953,2324,20,Monza,Inter
954,2324,20,Napoli,Salernitana
955,2324,20,Cagliari,Bologna
956,2324,20,Fiorentina,Udinese
957,2324,20,Lazio,Lecce
958,2324,20,Milan,Roma
959,2324,20,Atalanta,Frosinone
960,2324,20,Juventus,Sassuolo
961,2324,21,Roma,Verona
962,2324,21,Udinese,Milan
963,2324,21,Empoli,Monza
964,2324,21,Frosinone,Cagliari
965,2324,21,Lecce,Juventus
966,2324,21,Salernitana,Genoa
967,2324,22,Cagliari,Torino
968,2324,22,Atalanta,Udinese
969,2324,22,Juventus,Empoli
970,2324,22,Milan,Bologna
971,2324,22,Fiorentina,Inter
972,2324,22,Genoa,Lecce
973,2324,22,Verona,Frosinone
974,2324,22,Lazio,Napoli
975,2324,22,Monza,Sassuolo
976,2324,22,Salernitana,Roma
977,2324,23,Lecce,Fiorentina
978,2324,23,Bologna,Sassuolo
979,2324,23,Empoli,Genoa
980,2324,23,Frosinone,Milan
981,2324,23,Udinese,Monza
982,2324,23,Atalanta,Lazio
983,2324,23,Inter,Juventus
984,2324,23,Napoli,Verona
985,2324,23,Torino,Salernitana
986,2324,23,Roma,Cagliari
987,2324,24,Salernitana,Empoli
988,2324,24,Cagliari,Lazio
989,2324,24,Roma,Inter
990,2324,24,Sassuolo,Torino
991,2324,24,Bologna,Lecce
992,2324,24,Fiorentina,Frosinone
993,2324,24,Genoa,Atalanta
994,2324,24,Milan,Napoli
995,2324,24,Monza,Verona
996,2324,24,Juventus,Udinese
997,2324,21,Bologna,Fiorentina
998,2324,25,Inter,Salernitana
999,2324,25,Torino,Lecce
1000,2324,25,Atalanta,Sassuolo
1001,2324,25,Verona,Juventus
1002,2324,25,Napoli,Genoa
1003,2324,25,Empoli,Fiorentina
1004,2324,25,Frosinone,Roma
1005,2324,25,Lazio,Bologna
1006,2324,25,Monza,Milan
1007,2324,25,Udinese,Cagliari
1008,2324,21,Torino,Lazio
1009,2324,26,Bologna,Verona
1010,2324,26,Genoa,Udinese
1011,2324,26,Salernitana,Monza
1012,2324,26,Sassuolo,Empoli
1013,2324,26,Cagliari,Napoli
1014,2324,26,Juventus,Frosinone
1015,2324,26,Lecce,Inter
1016,2324,26,Milan,Atalanta
1017,2324,26,Fiorentina,Lazio
1018,2324,26,Roma,Torino
1019,2324,21,Inter,Atalanta
1020,2324,21,Sassuolo,Napoli
1021,2324,27,Lazio,Milan
1022,2324,27,Monza,Roma
1023,2324,27,Torino,Fiorentina
1024,2324,27,Udinese,Salernitana
1025,2324,27,Atalanta,Bologna
1026,2324,27,Empoli,Cagliari
1027,2324,27,Frosinone,Lecce
1028,2324,27,Verona,Sassuolo
1029,2324,27,Napoli,Juventus
1030,2324,27,Inter,Genoa
1031,2324,28,Napoli,Torino
1032,2324,28,Bologna,Inter
1033,2324,28,Cagliari,Salernitana
1034,2324,28,Genoa,Monza
1035,2324,28,Sassuolo,Frosinone
1036,2324,28,Fiorentina,Roma
1037,2324,28,Juventus,Atalanta
1038,2324,28,Lecce,Verona
1039,2324,28,Milan,Empoli
1040,2324,28,Lazio,Udinese
1041,2324,29,Empoli,Bologna
1042,2324,29,Frosinone,Lazio
1043,2324,29,Monza,Cagliari
1044,2324,29,Salernitana,Lecce
1045,2324,29,Udinese,Torino
1046,2324,29,Verona,Milan
1047,2324,29,Inter,Napoli
1048,2324,29,Juventus,Genoa
1049,2324,29,Roma,Sassuolo
1050,2324,30,Fiorentina,Milan
1051,2324,30,Genoa,Frosinone
1052,2324,30,Lazio,Juventus
1053,2324,30,Napoli,Atalanta
1054,2324,30,Torino,Monza
1055,2324,30,Bologna,Salernitana
1056,2324,30,Cagliari,Verona
1057,2324,30,Inter,Empoli
1058,2324,30,Lecce,Roma
1059,2324,30,Sassuolo,Udinese
1060,2324,31,Salernitana,Sassuolo
1061,2324,31,Empoli,Torino
1062,2324,31,Milan,Lecce
1063,2324,31,Roma,Lazio
1064,2324,31,Cagliari,Atalanta
1065,2324,31,Frosinone,Bologna
1066,2324,31,Verona,Genoa
1067,2324,31,Juventus,Fiorentina
1068,2324,31,Monza,Napoli
1069,2324,31,Udinese,Inter
1070,2324,32,Lazio,Salernitana
1071,2324,32,Bologna,Monza
1072,2324,32,Lecce,Empoli
1073,2324,32,Torino,Juventus
1074,2324,32,Inter,Cagliari
1075,2324,32,Napoli,Frosinone
1076,2324,32,Sassuolo,Milan
1077,2324,32,Atalanta,Verona
1078,2324,32,Fiorentina,Genoa
1079,2324,33,Cagliari,Juventus
1080,2324,33,Genoa,Lazio
1081,2324,33,Empoli,Napoli
1082,2324,33,Verona,Udinese
1083,2324,33,Monza,Atalanta
1084,2324,33,Salernitana,Fiorentina
1085,2324,33,Sassuolo,Lecce
1086,2324,33,Torino,Frosinone
1087,2324,33,Milan,Inter
1088,2324,33,Roma,Bologna
1089,2324,32,Udinese,Roma
1090,2324,34,Frosinone,Salernitana
1091,2324,34,Juventus,Milan
1092,2324,34,Lazio,Verona
1093,2324,34,Lecce,Monza
1094,2324,34,Atalanta,Empoli
1095,2324,34,Bologna,Udinese
1096,2324,34,Fiorentina,Sassuolo
1097,2324,34,Inter,Torino
1098,2324,34,Napoli,Roma
1099,2324,34,Genoa,Cagliari
1100,2324,35,Torino,Bologna
1101,2324,35,Monza,Lazio
1102,2324,35,Sassuolo,Inter
1103,2324,35,Cagliari,Lecce
1104,2324,35,Empoli,Frosinone
1105,2324,35,Verona,Fiorentina
1106,2324,35,Milan,Genoa
1107,2324,35,Roma,Juventus
1108,2324,35,Salernitana,Atalanta
1109,2324,35,Udinese,Napoli
1110,2324,36,Frosinone,Inter
1111,2324,36,Milan,Cagliari
1112,2324,36,Napoli,Bologna
1113,2324,36,Atalanta,Roma
1114,2324,36,Genoa,Sassuolo
1115,2324,36,Verona,Torino
1116,2324,36,Juventus,Salernitana
1117,2324,36,Lazio,Empoli
1118,2324,36,Fiorentina,Monza
1119,2324,36,Lecce,Udinese
1120,2324,37,Fiorentina,Napoli
1121,2324,37,Lecce,Atalanta
1122,2324,37,Torino,Milan
1123,2324,37,Inter,Lazio
1124,2324,37,Monza,Frosinone
1125,2324,37,Roma,Genoa
1126,2324,37,Sassuolo,Cagliari
1127,2324,37,Udinese,Empoli
1128,2324,37,Bologna,Juventus
1129,2324,37,Salernitana,Verona
1130,2324,38,Cagliari,Fiorentina
1131,2324,38,Genoa,Bologna
1132,2324,38,Juventus,Monza
1133,2324,38,Milan,Salernitana
1134,2324,38,Atalanta,Torino
1135,2324,38,Empoli,Roma
1136,2324,38,Frosinone,Udinese
1137,2324,38,Verona,Inter
1138,2324,38,Lazio,Sassuolo
1139,2324,38,Napoli,Lecce
1140,2324,29,Atalanta,Fiorentina
1141,2425,1,Empoli,Monza
1142,2425,1,Genoa,Inter
1143,2425,1,Milan,Torino
1144,2425,1,Parma,Fiorentina
1145,2425,1,Bologna,Udinese
1146,2425,1,Cagliari,Roma
1147,2425,1,Verona,Napoli
1148,2425,1,Lazio,Venezia
1149,2425,1,Juventus,Como
1150,2425,1,Lecce,Atalanta
1151,2425,2,Inter,Lecce
1152,2425,2,Monza,Genoa
1153,2425,2,Parma,Milan
1154,2425,2,Udinese,Lazio
1155,2425,2,Fiorentina,Venezia
1156,2425,2,Napoli,Bologna
1157,2425,2,Roma,Empoli
1158,2425,2,Torino,Atalanta
1159,2425,2,Cagliari,Como
1160,2425,2,Verona,Juventus
1161,2425,3,Inter,Atalanta
1162,2425,3,Venezia,Torino
1163,2425,3,Bologna,Empoli
1164,2425,3,Lazio,Milan
1165,2425,3,Lecce,Cagliari
1166,2425,3,Napoli,Parma
1167,2425,3,Fiorentina,Monza
1168,2425,3,Genoa,Verona
1169,2425,3,Juventus,Roma
1170,2425,3,Udinese,Como
1171,2425,4,Como,Bologna
1172,2425,4,Empoli,Juventus
1173,2425,4,Milan,Venezia
1174,2425,4,Atalanta,Fiorentina
1175,2425,4,Cagliari,Napoli
1176,2425,4,Genoa,Roma
1177,2425,4,Monza,Inter
1178,2425,4,Torino,Lecce
1179,2425,4,Lazio,Verona
1180,2425,4,Parma,Udinese
1181,2425,5,Cagliari,Empoli
1182,2425,5,Verona,Torino
1183,2425,5,Juventus,Napoli
1184,2425,5,Lecce,Parma
1185,2425,5,Venezia,Genoa
1186,2425,5,Fiorentina,Lazio
1187,2425,5,Inter,Milan
1188,2425,5,Monza,Bologna
1189,2425,5,Roma,Udinese
1190,2425,5,Atalanta,Como
1191,2425,6,Milan,Lecce
1192,2425,6,Bologna,Atalanta
1193,2425,6,Genoa,Juventus
1194,2425,6,Udinese,Inter
1195,2425,6,Como,Verona
1196,2425,6,Empoli,Fiorentina
1197,2425,6,Napoli,Monza
1198,2425,6,Roma,Venezia
1199,2425,6,Torino,Lazio
1200,2425,6,Parma,Cagliari
1201,2425,7,Verona,Venezia
1202,2425,7,Napoli,Como
1203,2425,7,Atalanta,Genoa
1204,2425,7,Inter,Torino
1205,2425,7,Udinese,Lecce
1206,2425,7,Bologna,Parma
1207,2425,7,Fiorentina,Milan
1208,2425,7,Juventus,Cagliari
1209,2425,7,Lazio,Empoli
1210,2425,7,Monza,Roma
1211,2425,8,Como,Parma
1212,2425,8,Genoa,Bologna
1213,2425,8,Juventus,Lazio
1214,2425,8,Milan,Udinese
1215,2425,8,Cagliari,Torino
1216,2425,8,Empoli,Napoli
1217,2425,8,Lecce,Fiorentina
1218,2425,8,Roma,Inter
1219,2425,8,Venezia,Atalanta
1220,2425,8,Verona,Monza
1221,2425,9,Torino,Como
1222,2425,9,Udinese,Cagliari
1223,2425,9,Atalanta,Verona
1224,2425,9,Napoli,Lecce
1225,2425,9,Fiorentina,Roma
1226,2425,9,Inter,Juventus
1227,2425,9,Lazio,Genoa
1228,2425,9,Monza,Venezia
1229,2425,9,Parma,Empoli
1230,2425,10,Cagliari,Bologna
1231,2425,10,Lecce,Verona
1232,2425,10,Milan,Napoli
1233,2425,10,Atalanta,Monza
1234,2425,10,Empoli,Inter
1235,2425,10,Juventus,Parma
1236,2425,10,Venezia,Udinese
1237,2425,10,Como,Lazio
1238,2425,10,Genoa,Fiorentina
1239,2425,10,Roma,Torino
1240,2425,11,Bologna,Lecce
1241,2425,11,Monza,Milan
1242,2425,11,Udinese,Juventus
1243,2425,11,Verona,Roma
1244,2425,11,Inter,Venezia
1245,2425,11,Napoli,Atalanta
1246,2425,11,Torino,Fiorentina
1247,2425,11,Empoli,Como
1248,2425,11,Lazio,Cagliari
1249,2425,11,Parma,Genoa
1250,2425,12,Genoa,Como
1251,2425,12,Lecce,Empoli
1252,2425,12,Cagliari,Milan
1253,2425,12,Juventus,Torino
1254,2425,12,Venezia,Parma
1255,2425,12,Atalanta,Udinese
1256,2425,12,Fiorentina,Verona
1257,2425,12,Inter,Napoli
1258,2425,12,Monza,Lazio
1259,2425,12,Roma,Bologna
1260,2425,13,Verona,Inter
1261,2425,13,Milan,Juventus
1262,2425,13,Parma,Atalanta
1263,2425,13,Como,Fiorentina
1264,2425,13,Genoa,Cagliari
1265,2425,13,Lazio,Bologna
1266,2425,13,Napoli,Roma
1267,2425,13,Torino,Monza
1268,2425,13,Empoli,Udinese
1269,2425,13,Venezia,Lecce
1270,2425,14,Cagliari,Verona
1271,2425,14,Bologna,Venezia
1272,2425,14,Como,Monza
1273,2425,14,Milan,Empoli
1274,2425,14,Lecce,Juventus
1275,2425,14,Parma,Lazio
1276,2425,14,Torino,Napoli
1277,2425,14,Udinese,Genoa
1278,2425,14,Roma,Atalanta
1279,2425,15,Atalanta,Milan
1280,2425,15,Inter,Parma
1281,2425,15,Genoa,Torino
1282,2425,15,Juventus,Bologna
1283,2425,15,Roma,Lecce
1284,2425,15,Fiorentina,Cagliari
1285,2425,15,Verona,Empoli
1286,2425,15,Napoli,Lazio
1287,2425,15,Venezia,Como
1288,2425,15,Monza,Udinese
1289,2425,16,Empoli,Torino
1290,2425,16,Cagliari,Atalanta
1291,2425,16,Juventus,Venezia
1292,2425,16,Udinese,Napoli
1293,2425,16,Bologna,Fiorentina
1294,2425,16,Como,Roma
1295,2425,16,Lecce,Monza
1296,2425,16,Milan,Genoa
1297,2425,16,Parma,Verona
1298,2425,16,Lazio,Inter
1299,2425,17,Verona,Milan
1300,2425,17,Genoa,Napoli
1301,2425,17,Lecce,Lazio
1302,2425,17,Torino,Bologna
1303,2425,17,Atalanta,Empoli
1304,2425,17,Monza,Juventus
1305,2425,17,Roma,Parma
1306,2425,17,Venezia,Cagliari
1307,2425,17,Fiorentina,Udinese
1308,2425,17,Inter,Como
1309,2425,18,Cagliari,Inter
1310,2425,18,Empoli,Genoa
1311,2425,18,Lazio,Atalanta
1312,2425,18,Parma,Monza
1313,2425,18,Juventus,Fiorentina
1314,2425,18,Milan,Roma
1315,2425,18,Napoli,Venezia
1316,2425,18,Udinese,Torino
1317,2425,18,Bologna,Verona
1318,2425,18,Como,Lecce
1319,2425,19,Fiorentina,Napoli
1320,2425,19,Verona,Udinese
1321,2425,19,Venezia,Empoli
1322,2425,19,Lecce,Genoa
1323,2425,19,Monza,Cagliari
1324,2425,19,Roma,Lazio
1325,2425,19,Torino,Parma
1326,2425,20,Lazio,Como
1327,2425,20,Empoli,Lecce
1328,2425,20,Milan,Cagliari
1329,2425,20,Torino,Juventus
1330,2425,20,Udinese,Atalanta
1331,2425,20,Bologna,Roma
1332,2425,20,Genoa,Parma
1333,2425,20,Napoli,Verona
1334,2425,20,Venezia,Inter
1335,2425,20,Monza,Fiorentina
1336,2425,19,Atalanta,Juventus
1337,2425,19,Como,Milan
1338,2425,19,Inter,Bologna
1339,2425,21,Roma,Genoa
1340,2425,21,Atalanta,Napoli
1341,2425,21,Bologna,Monza
1342,2425,21,Juventus,Milan
1343,2425,21,Cagliari,Lecce
1344,2425,21,Fiorentina,Torino
1345,2425,21,Verona,Lazio
1346,2425,21,Inter,Empoli
1347,2425,21,Parma,Venezia
1348,2425,21,Como,Udinese
1349,2425,22,Torino,Cagliari
1350,2425,22,Como,Atalanta
1351,2425,22,Empoli,Bologna
1352,2425,22,Napoli,Juventus
1353,2425,22,Lazio,Fiorentina
1354,2425,22,Lecce,Inter
1355,2425,22,Milan,Parma
1356,2425,22,Udinese,Roma
1357,2425,22,Genoa,Monza
1358,2425,22,Venezia,Verona
1359,2425,23,Parma,Lecce
1360,2425,23,Atalanta,Torino
1361,2425,23,Bologna,Como
1362,2425,23,Monza,Verona
1363,2425,23,Udinese,Venezia
1364,2425,23,Fiorentina,Genoa
1365,2425,23,Juventus,Empoli
1366,2425,23,Milan,Inter
1367,2425,23,Roma,Napoli
1368,2425,23,Cagliari,Lazio
1369,2425,14,Fiorentina,Inter
1370,2425,24,Como,Juventus
1371,2425,24,Empoli,Milan
1372,2425,24,Verona,Atalanta
1373,2425,24,Torino,Genoa
1374,2425,24,Cagliari,Parma
1375,2425,24,Lazio,Monza
1376,2425,24,Lecce,Bologna
1377,2425,24,Napoli,Udinese
1378,2425,24,Venezia,Roma
1379,2425,24,Inter,Fiorentina
1380,2425,25,Bologna,Torino
1381,2425,25,Atalanta,Cagliari
1382,2425,25,Lazio,Napoli
1383,2425,25,Milan,Verona
1384,2425,25,Fiorentina,Como
1385,2425,25,Juventus,Inter
1386,2425,25,Monza,Lecce
1387,2425,25,Parma,Roma
1388,2425,25,Udinese,Empoli
1389,2425,25,Genoa,Venezia
1390,2425,26,Lecce,Udinese
1391,2425,26,Inter,Genoa
1392,2425,26,Parma,Bologna
1393,2425,26,Torino,Milan
1394,2425,26,Venezia,Lazio
1395,2425,26,Cagliari,Juventus
1396,2425,26,Como,Napoli
1397,2425,26,Empoli,Atalanta
1398,2425,26,Verona,Fiorentina
1399,2425,26,Roma,Monza
1400,2425,9,Bologna,Milan
1401,2425,27,Fiorentina,Lecce
1402,2425,27,Atalanta,Venezia
1403,2425,27,Napoli,Inter
1404,2425,27,Udinese,Parma
1405,2425,27,Bologna,Cagliari
1406,2425,27,Genoa,Empoli
1407,2425,27,Milan,Lazio
1408,2425,27,Monza,Torino
1409,2425,27,Roma,Como
1410,2425,27,Juventus,Verona
1411,2425,28,Cagliari,Genoa
1412,2425,28,Como,Venezia
1413,2425,28,Inter,Monza
1414,2425,28,Lecce,Milan
1415,2425,28,Parma,Torino
1416,2425,28,Empoli,Roma
1417,2425,28,Verona,Bologna
1418,2425,28,Juventus,Atalanta
1419,2425,28,Napoli,Fiorentina
1420,2425,28,Lazio,Udinese
1421,2425,29,Genoa,Lecce
1422,2425,29,Milan,Como
1423,2425,29,Monza,Parma
1424,2425,29,Torino,Empoli
1425,2425,29,Udinese,Verona
1426,2425,29,Atalanta,Inter
1427,2425,29,Bologna,Lazio
1428,2425,29,Fiorentina,Juventus
1429,2425,29,Roma,Cagliari
1430,2425,29,Venezia,Napoli
1431,2425,30,Como,Empoli
1432,2425,30,Juventus,Genoa
1433,2425,30,Lecce,Roma
1434,2425,30,Venezia,Bologna
1435,2425,30,Cagliari,Monza
1436,2425,30,Fiorentina,Atalanta
1437,2425,30,Inter,Udinese
1438,2425,30,Napoli,Milan
1439,2425,30,Verona,Parma
1440,2425,30,Lazio,Torino
1441,2425,31,Genoa,Udinese
1442,2425,31,Milan,Fiorentina
1443,2425,31,Monza,Como
1444,2425,31,Parma,Inter
1445,2425,31,Atalanta,Lazio
1446,2425,31,Empoli,Cagliari
1447,2425,31,Lecce,Venezia
1448,2425,31,Roma,Juventus
1449,2425,31,Torino,Verona
1450,2425,31,Bologna,Napoli
1451,2425,32,Udinese,Milan
1452,2425,32,Inter,Cagliari
1453,2425,32,Juventus,Lecce
1454,2425,32,Venezia,Monza
1455,2425,32,Atalanta,Bologna
1456,2425,32,Como,Torino
1457,2425,32,Fiorentina,Parma
1458,2425,32,Verona,Genoa
1459,2425,32,Lazio,Roma
1460,2425,32,Napoli,Empoli
1461,2425,33,Lecce,Como
1462,2425,33,Monza,Napoli
1463,2425,33,Roma,Verona
1464,2425,33,Bologna,Inter
1465,2425,33,Empoli,Venezia
1466,2425,33,Milan,Atalanta
1467,2425,33,Cagliari,Fiorentina
1468,2425,33,Genoa,Lazio
1469,2425,33,Parma,Juventus
1470,2425,33,Torino,Udinese
1471,2425,34,Atalanta,Lecce
1472,2425,34,Como,Genoa
1473,2425,34,Fiorentina,Empoli
1474,2425,34,Inter,Roma
1475,2425,34,Juventus,Monza
1476,2425,34,Napoli,Torino
1477,2425,34,Venezia,Milan
1478,2425,34,Verona,Cagliari
1479,2425,34,Lazio,Parma
1480,2425,34,Udinese,Bologna
1481,2425,35,Torino,Venezia
1482,2425,35,Cagliari,Udinese
1483,2425,35,Inter,Verona
1484,2425,35,Lecce,Napoli
1485,2425,35,Parma,Como
1486,2425,35,Bologna,Juventus
1487,2425,35,Empoli,Lazio
1488,2425,35,Monza,Atalanta
1489,2425,35,Roma,Fiorentina
1490,2425,35,Genoa,Milan
1491,2425,36,Milan,Bologna
1492,2425,36,Como,Cagliari
1493,2425,36,Empoli,Parma
1494,2425,36,Lazio,Juventus
1495,2425,36,Verona,Lecce
1496,2425,36,Napoli,Genoa
1497,2425,36,Torino,Inter
1498,2425,36,Udinese,Monza
1499,2425,36,Atalanta,Roma
1500,2425,36,Venezia,Fiorentina
1501,2425,37,Genoa,Atalanta
1502,2425,37,Cagliari,Venezia
1503,2425,37,Fiorentina,Bologna
1504,2425,37,Verona,Como
1505,2425,37,Inter,Lazio
1506,2425,37,Juventus,Udinese
1507,2425,37,Lecce,Torino
1508,2425,37,Monza,Empoli
1509,2425,37,Parma,Napoli
1510,2425,37,Roma,Milan
1511,2425,38,Como,Inter
1512,2425,38,Napoli,Cagliari
1513,2425,38,Bologna,Genoa
1514,2425,38,Milan,Monza
1515,2425,38,Atalanta,Parma
1516,2425,38,Empoli,Verona
1517,2425,38,Lazio,Lecce
1518,2425,38,Torino,Roma
1519,2425,38,Udinese,Fiorentina
1520,2425,38,Venezia,Juventus
1521,2526,1,Genoa,Lecce
1522,2526,1,Milan,Cremonese
1523,2526,1,Roma,Bologna
1524,2526,1,Sassuolo,Napoli
1525,2526,1,Atalanta,Pisa
1526,2526,1,Cagliari,Fiorentina
1527,2526,1,Como,Lazio
1528,2526,1,Juventus,Parma
1529,2526,1,Inter,Torino
1530,2526,1,Udinese,Verona
1531,2526,2,Cremonese,Sassuolo
1532,2526,2,Lecce,Milan
1533,2526,2,Bologna,Como
1534,2526,2,Napoli,Cagliari
1535,2526,2,Parma,Atalanta
1536,2526,2,Pisa,Roma
1537,2526,2,Genoa,Juventus
1538,2526,2,Inter,Udinese
1539,2526,2,Lazio,Verona
1540,2526,2,Torino,Fiorentina
1541,2526,3,Cagliari,Parma
1542,2526,3,Fiorentina,Napoli
1543,2526,3,Juventus,Inter
1544,2526,3,Atalanta,Lecce
1545,2526,3,Milan,Bologna
1546,2526,3,Pisa,Udinese
1547,2526,3,Roma,Torino
1548,2526,3,Sassuolo,Lazio
1549,2526,3,Como,Genoa
1550,2526,3,Verona,Cremonese
1551,2526,4,Lecce,Cagliari
1552,2526,4,Bologna,Genoa
1553,2526,4,Verona,Juventus
1554,2526,4,Udinese,Milan
1555,2526,4,Cremonese,Parma
1556,2526,4,Fiorentina,Como
1557,2526,4,Inter,Sassuolo
1558,2526,4,Lazio,Roma
1559,2526,4,Torino,Atalanta
1560,2526,4,Napoli,Pisa
1561,2526,5,Cagliari,Inter
1562,2526,5,Como,Cremonese
1563,2526,5,Juventus,Atalanta
1564,2526,5,Lecce,Bologna
1565,2526,5,Milan,Napoli
1566,2526,5,Pisa,Fiorentina
1567,2526,5,Roma,Verona
1568,2526,5,Sassuolo,Udinese
1569,2526,5,Genoa,Lazio
1570,2526,5,Parma,Torino
1571,2526,6,Verona,Sassuolo
1572,2526,6,Atalanta,Como
1573,2526,6,Inter,Cremonese
1574,2526,6,Lazio,Torino
1575,2526,6,Parma,Lecce
1576,2526,6,Bologna,Pisa
1577,2526,6,Fiorentina,Roma
1578,2526,6,Juventus,Milan
1579,2526,6,Napoli,Genoa
1580,2526,6,Udinese,Cagliari
1581,2526,7,Lecce,Sassuolo
1582,2526,7,Pisa,Verona
1583,2526,7,Roma,Inter
1584,2526,7,Torino,Napoli
1585,2526,7,Atalanta,Lazio
1586,2526,7,Cagliari,Bologna
1587,2526,7,Como,Juventus
1588,2526,7,Genoa,Parma
1589,2526,7,Milan,Fiorentina
1590,2526,7,Cremonese,Udinese
1591,2526,8,Milan,Pisa
1592,2526,8,Cremonese,Atalanta
1593,2526,8,Napoli,Inter
1594,2526,8,Parma,Como
1595,2526,8,Udinese,Lecce
1596,2526,8,Fiorentina,Bologna
1597,2526,8,Verona,Cagliari
1598,2526,8,Lazio,Juventus
1599,2526,8,Sassuolo,Roma
1600,2526,8,Torino,Genoa
1601,2526,9,Atalanta,Milan
1602,2526,9,Lecce,Napoli
1603,2526,9,Bologna,Torino
1604,2526,9,Como,Verona
1605,2526,9,Genoa,Cremonese
1606,2526,9,Inter,Fiorentina
1607,2526,9,Juventus,Udinese
1608,2526,9,Roma,Parma
1609,2526,9,Cagliari,Sassuolo
1610,2526,9,Pisa,Lazio
1611,2526,10,Cremonese,Juventus
1612,2526,10,Napoli,Como
1613,2526,10,Udinese,Atalanta
1614,2526,10,Fiorentina,Lecce
1615,2526,10,Verona,Inter
1616,2526,10,Milan,Roma
1617,2526,10,Parma,Bologna
1618,2526,10,Torino,Pisa
1619,2526,10,Lazio,Cagliari
1620,2526,10,Sassuolo,Genoa
1621,2526,11,Pisa,Cremonese
1622,2526,11,Como,Cagliari
1623,2526,11,Juventus,Torino
1624,2526,11,Lecce,Verona
1625,2526,11,Parma,Milan
1626,2526,11,Atalanta,Sassuolo
1627,2526,11,Bologna,Napoli
1628,2526,11,Genoa,Fiorentina
1629,2526,11,Inter,Lazio
1630,2526,11,Roma,Udinese
1631,2526,12,Cagliari,Genoa
1632,2526,12,Fiorentina,Juventus
1633,2526,12,Napoli,Atalanta
1634,2526,12,Udinese,Bologna
1635,2526,12,Cremonese,Roma
1636,2526,12,Verona,Parma
1637,2526,12,Inter,Milan
1638,2526,12,Lazio,Lecce
1639,2526,12,Sassuolo,Pisa
1640,2526,12,Torino,Como
1641,2526,13,Atalanta,Fiorentina
1642,2526,13,Bologna,Cremonese
1643,2526,13,Como,Sassuolo
1644,2526,13,Genoa,Verona
1645,2526,13,Juventus,Cagliari
1646,2526,13,Lecce,Torino
1647,2526,13,Milan,Lazio
1648,2526,13,Parma,Udinese
1649,2526,13,Pisa,Inter
1650,2526,13,Roma,Napoli
1651,2526,14,Cagliari,Roma
1652,2526,14,Cremonese,Lecce
1653,2526,14,Verona,Atalanta
1654,2526,14,Inter,Como
1655,2526,14,Lazio,Bologna
1656,2526,14,Napoli,Juventus
1657,2526,14,Pisa,Parma
1658,2526,14,Sassuolo,Fiorentina
1659,2526,14,Torino,Milan
1660,2526,14,Udinese,Genoa
1661,2526,15,Atalanta,Cagliari
1662,2526,15,Bologna,Juventus
1663,2526,15,Fiorentina,Verona
1664,2526,15,Genoa,Inter
1665,2526,15,Lecce,Pisa
1666,2526,15,Milan,Sassuolo
1667,2526,15,Parma,Lazio
1668,2526,15,Roma,Como
1669,2526,15,Torino,Cremonese
1670,2526,15,Udinese,Napoli
1671,2526,16,Cagliari,Pisa
1672,2526,16,Como,Milan
1673,2526,16,Fiorentina,Udinese
1674,2526,16,Genoa,Atalanta
1675,2526,16,Verona,Bologna
1676,2526,16,Inter,Lecce
1677,2526,16,Juventus,Roma
1678,2526,16,Lazio,Cremonese
1679,2526,16,Napoli,Parma
1680,2526,16,Sassuolo,Torino
1681,2526,17,Atalanta,Inter
1682,2526,17,Bologna,Sassuolo
1683,2526,17,Cremonese,Napoli
1684,2526,17,Lecce,Como
1685,2526,17,Milan,Verona
1686,2526,17,Parma,Fiorentina
1687,2526,17,Pisa,Juventus
1688,2526,17,Roma,Genoa
1689,2526,17,Torino,Cagliari
1690,2526,17,Udinese,Lazio
1691,2526,18,Atalanta,Roma
1692,2526,18,Cagliari,Milan
1693,2526,18,Como,Udinese
1694,2526,18,Fiorentina,Cremonese
1695,2526,18,Genoa,Pisa
1696,2526,18,Verona,Torino
1697,2526,18,Inter,Bologna
1698,2526,18,Juventus,Lecce
1699,2526,18,Lazio,Napoli
1700,2526,18,Sassuolo,Parma
1701,2526,19,Bologna,Atalanta
1702,2526,19,Cremonese,Cagliari
1703,2526,19,Lazio,Fiorentina
1704,2526,19,Lecce,Roma
1705,2526,19,Milan,Genoa
1706,2526,19,Napoli,Verona
1707,2526,19,Parma,Inter
1708,2526,19,Pisa,Como
1709,2526,19,Sassuolo,Juventus
1710,2526,19,Torino,Udinese
1711,2526,20,Atalanta,Torino
1712,2526,20,Como,Bologna
1713,2526,20,Fiorentina,Milan
1714,2526,20,Genoa,Cagliari
1715,2526,20,Verona,Lazio
1716,2526,20,Inter,Napoli
1717,2526,20,Juventus,Cremonese
1718,2526,20,Lecce,Parma
1719,2526,20,Roma,Sassuolo
1720,2526,20,Udinese,Pisa
1721,2526,21,Bologna,Fiorentina
1722,2526,21,Cagliari,Juventus
1723,2526,21,Cremonese,Verona
1724,2526,21,Lazio,Como
1725,2526,21,Milan,Lecce
1726,2526,21,Napoli,Sassuolo
1727,2526,21,Parma,Genoa
1728,2526,21,Pisa,Atalanta
1729,2526,21,Torino,Roma
1730,2526,21,Udinese,Inter
1731,2526,22,Atalanta,Parma
1732,2526,22,Como,Torino
1733,2526,22,Fiorentina,Cagliari
1734,2526,22,Genoa,Bologna
1735,2526,22,Verona,Udinese
1736,2526,22,Inter,Pisa
1737,2526,22,Juventus,Napoli
1738,2526,22,Lecce,Lazio
1739,2526,22,Roma,Milan
1740,2526,22,Sassuolo,Cremonese
1741,2526,23,Bologna,Milan
1742,2526,23,Cagliari,Verona
1743,2526,23,Como,Atalanta
1744,2526,23,Cremonese,Inter
1745,2526,23,Lazio,Genoa
1746,2526,23,Napoli,Fiorentina
1747,2526,23,Parma,Juventus
1748,2526,23,Pisa,Sassuolo
1749,2526,23,Torino,Lecce
1750,2526,23,Udinese,Roma
1751,2526,24,Atalanta,Cremonese
1752,2526,24,Bologna,Parma
1753,2526,24,Fiorentina,Torino
1754,2526,24,Genoa,Napoli
1755,2526,24,Verona,Pisa
1756,2526,24,Juventus,Lazio
1757,2526,24,Lecce,Udinese
1758,2526,24,Milan,Como
1759,2526,24,Roma,Cagliari
1760,2526,24,Sassuolo,Inter
1761,2526,25,Cagliari,Lecce
1762,2526,25,Como,Fiorentina
1763,2526,25,Cremonese,Genoa
1764,2526,25,Inter,Juventus
1765,2526,25,Lazio,Atalanta
1766,2526,25,Napoli,Roma
1767,2526,25,Parma,Verona
1768,2526,25,Pisa,Milan
1769,2526,25,Torino,Bologna
1770,2526,25,Udinese,Sassuolo
1771,2526,26,Atalanta,Napoli
1772,2526,26,Bologna,Udinese
1773,2526,26,Cagliari,Lazio
1774,2526,26,Fiorentina,Pisa
1775,2526,26,Genoa,Torino
1776,2526,26,Juventus,Como
1777,2526,26,Lecce,Inter
1778,2526,26,Milan,Parma
1779,2526,26,Roma,Cremonese
1780,2526,26,Sassuolo,Verona
1781,2526,27,Como,Lecce
1782,2526,27,Cremonese,Milan
1783,2526,27,Verona,Napoli
1784,2526,27,Inter,Genoa
1785,2526,27,Parma,Cagliari
1786,2526,27,Pisa,Bologna
1787,2526,27,Roma,Juventus
1788,2526,27,Sassuolo,Atalanta
1789,2526,27,Torino,Lazio
1790,2526,27,Udinese,Fiorentina
1791,2526,28,Atalanta,Udinese
1792,2526,28,Bologna,Verona
1793,2526,28,Cagliari,Como
1794,2526,28,Fiorentina,Parma
1795,2526,28,Genoa,Roma
1796,2526,28,Juventus,Pisa
1797,2526,28,Lazio,Sassuolo
1798,2526,28,Lecce,Cremonese
1799,2526,28,Milan,Inter
1800,2526,28,Napoli,Torino
1801,2526,29,Como,Roma
1802,2526,29,Cremonese,Fiorentina
1803,2526,29,Verona,Genoa
1804,2526,29,Inter,Atalanta
1805,2526,29,Lazio,Milan
1806,2526,29,Napoli,Lecce
1807,2526,29,Pisa,Cagliari
1808,2526,29,Sassuolo,Bologna
1809,2526,29,Torino,Parma
1810,2526,29,Udinese,Juventus
1811,2526,30,Atalanta,Verona
1812,2526,30,Bologna,Lazio
1813,2526,30,Cagliari,Napoli
1814,2526,30,Como,Pisa
1815,2526,30,Fiorentina,Inter
1816,2526,30,Genoa,Udinese
1817,2526,30,Juventus,Sassuolo
1818,2526,30,Milan,Torino
1819,2526,30,Parma,Cremonese
1820,2526,30,Roma,Lecce
1821,2526,31,Cremonese,Bologna
1822,2526,31,Verona,Fiorentina
1823,2526,31,Inter,Roma
1824,2526,31,Juventus,Genoa
1825,2526,31,Lazio,Parma
1826,2526,31,Lecce,Atalanta
1827,2526,31,Napoli,Milan
1828,2526,31,Pisa,Torino
1829,2526,31,Sassuolo,Cagliari
1830,2526,31,Udinese,Como
1831,2526,32,Atalanta,Juventus
1832,2526,32,Bologna,Lecce
1833,2526,32,Cagliari,Cremonese
1834,2526,32,Como,Inter
1835,2526,32,Fiorentina,Lazio
1836,2526,32,Genoa,Sassuolo
1837,2526,32,Milan,Udinese
1838,2526,32,Parma,Napoli
1839,2526,32,Roma,Pisa
1840,2526,32,Torino,Verona
1841,2526,33,Cremonese,Torino
1842,2526,33,Verona,Milan
1843,2526,33,Inter,Cagliari
1844,2526,33,Juventus,Bologna
1845,2526,33,Lecce,Fiorentina
1846,2526,33,Napoli,Lazio
1847,2526,33,Pisa,Genoa
1848,2526,33,Roma,Atalanta
1849,2526,33,Sassuolo,Como
1850,2526,33,Udinese,Parma
1851,2526,34,Bologna,Roma
1852,2526,34,Cagliari,Atalanta
1853,2526,34,Fiorentina,Sassuolo
1854,2526,34,Genoa,Como
1855,2526,34,Verona,Lecce
1856,2526,34,Lazio,Udinese
1857,2526,34,Milan,Juventus
1858,2526,34,Napoli,Cremonese
1859,2526,34,Parma,Pisa
1860,2526,34,Torino,Inter
1861,2526,35,Atalanta,Genoa
1862,2526,35,Bologna,Cagliari
1863,2526,35,Como,Napoli
1864,2526,35,Cremonese,Lazio
1865,2526,35,Inter,Parma
1866,2526,35,Juventus,Verona
1867,2526,35,Pisa,Lecce
1868,2526,35,Roma,Fiorentina
1869,2526,35,Sassuolo,Milan
1870,2526,35,Udinese,Torino
1871,2526,36,Cagliari,Udinese
1872,2526,36,Cremonese,Pisa
1873,2526,36,Fiorentina,Genoa
1874,2526,36,Verona,Como
1875,2526,36,Lazio,Inter
1876,2526,36,Lecce,Juventus
1877,2526,36,Milan,Atalanta
1878,2526,36,Napoli,Bologna
1879,2526,36,Parma,Roma
1880,2526,36,Torino,Sassuolo
1881,2526,37,Atalanta,Bologna
1882,2526,37,Cagliari,Torino
1883,2526,37,Como,Parma
1884,2526,37,Genoa,Milan
1885,2526,37,Inter,Verona
1886,2526,37,Juventus,Fiorentina
1887,2526,37,Pisa,Napoli
1888,2526,37,Roma,Lazio
1889,2526,37,Sassuolo,Lecce
1890,2526,37,Udinese,Cremonese
1891,2526,38,Bologna,Inter
1892,2526,38,Cremonese,Como
1893,2526,38,Fiorentina,Atalanta
1894,2526,38,Verona,Roma
1895,2526,38,Lazio,Pisa
1896,2526,38,Lecce,Genoa
1897,2526,38,Milan,Cagliari
1898,2526,38,Napoli,Udinese
1899,2526,38,Parma,Sassuolo
1900,2526,38,Torino,Juventus
